Premises address ,"Lucky Seven Building, Assessment No. 314, Duplication Road  R.A. De Mel Mawatha, Kollupitiya, Colombo",,,,,,,,,,,,
Property Investment Advisor Name,Bhanuka,,,,,,,,,,,,
CTP Lawyer Name,Ruvini Weerasinghe ,,,,,,,,,,,,
Landlord's Lawyer Name,"Sulochana Manamperi, Attorney-at-Law & Notary Public",,,,,,,,,,,,
Lease/Rent Agreement ,Lease Agreement,,,,,,,,,,,,
Lessor's Name & ID or Company No.,Yonmeregngna Siman Hewage Sunil Malcom Silva (NIC 56188258V),,,,,,,,,,,,
Lessor's Address,"No. 83, Main Street, Panadura",,,,,,,,,,,,
Lessee's Name & ID No.  Or Company No.,Capital Trust Holdings Limited (PV 75497),,,,,,,,,,,,
Lessee's Adress,"42, Sir Mohammed Macan Markar Mawatha, Colombo 03",,,,,,,,,,,,
Apartment name,Lucky Seven Building,,,,,,,,,,,,
Unit No.,"First, Second, Third and Fourth Floors and the Penthouse on the Fifth Floor (approx. 19,342 sq ft)",,,,,,,,,,,,
Monthly Rental,"Rs. 6,000,000/month (26.03.2026-25.03.2028);     Rs. 6,600,000/month (26.03.2028-25.03.2030);               Rs. 7,260,000/month (26.03.2030-25.03.2032);      Rs. 7,986,000/month (26.03.2032-25.03.2034);    Rs. 8,784,600/month (26.03.2034-25.03.2036).",,,,,,,,,,,,
Advance payment, Monthly,,,,,,,,,,,,
Refundable deposit amount LKR/USD,"Rs. 18,000,000 refundable security deposit",,,,,,,,,,,,
No. of bedrooms,N/A - commercial office premises,,,,,,,,,,,,
Term,10 years (26.03.2026 - 25.03.2036),,,,,,,,,,,,
No. of people can accommodate ,Not specified,,,,,,,,,,,,
Minor repairs,"Lessee to carry out running maintenance and minor repairs up to Rs. 75,000 per job per floor.",,,,,,,,,,,,
Panelty for delay handover ,No specific per-day handover penalty stated; Lessee remains liable for rent and all other charges until vacant possession and keys are handed over.,,,,,,,,,,,,
Maintenance & cleanliness clause,Lessee must keep the demised premises in a clean and sanitary state in good order and condition; interior/common areas used by Lessee to be colour washed once every two years.,,,,,,,,,,,,
Mangement fees paid by ,No separate management fee stated,,,,,,,,,,,,
Service charges paid by ,Lessee ,,,,,,,,,,,,
A/C service period ,air-conditioning maintenance is to be attended by the Lessee at its cost.,,,,,,,,,,,,
Sub letting ,No subletting without prior written consent of the Lessor.,,,,,,,,,,,,
Refundable deposit to be credited to ,Refundable to the Lessee ,,,,,,,,,,,,
Prior notice of termination,12 months prior written notice.,,,,,,,,,,,,
Locking period,First 5 years of the lease term,,,,,,,,,,,,
Panelty for early termination ,,,,,,,,,,,,,
Notice of renewal,12 months before expiry,,,,,,,,,,,,
Legal fees - 1%  ,4395672,,,,,,,,,,,,
Stamp duty - 2%,17582688,,,,,,,,,,,,
,,,,,,,,,,,,,
Period, Monthly Rent  ,, Rent for Period ,,Payment method,Total Rent,,Refundable Deposit,,,Stamp Duty,,
, LKR ,, LKR ,,, LKR ,,, LKR ,, LKR ,,
26.03.2026 - 25.03.2028,6000000,,144000000,,"Advance set-off Rs. 600,000/month; balance payable Rs. 5,400,000/month by 26th",879134400,,3 Months,18000000,,17582688,,
26.03.2028 - 25.03.2030,6600000,,158400000,,"Advance set-off Rs. 600,000/month; balance payable Rs. 6,000,000/month by 26th",,,,,,,,
26.03.2030 - 25.03.2032,7260000,,174240000,,"Advance set-off Rs. 600,000/month; balance payable Rs. 6,660,000/month by 26th",,,,,,,,
26.03.2032 - 25.03.2034,7986000,,191664000,,"Advance set-off Rs. 600,000/month; balance payable Rs. 7,386,000/month by 26th",,,,,,,,
26.03.2034 - 25.03.2036,8784600,,210830400,,"Advance set-off Rs. 600,000/month; balance payable Rs. 8,184,600/month by 26th",,,,,,,,
,,,,,,,,,,,,,
