,,,,,,,,,,TO →,,CC →,,,,,,,,,,,,,,,,,,,,,
Apartment,Unit,Landlord,Client,Tenant,Introducer,Accountant /Handler,Rent (LKR),Rent (USD),Status,Start Date,Contract Duration,End Date,Payment 1,,Payment 2,,Payment 3,,Payment 4,,Payment 5,,Payment 6,,Payment 7,,Payment 8,,Mode of Payment,Landlord Contact 1,Landlord Contact 2,Tenant Email,Tenant WhatsApp
,,,,,,,,,,,,,#REF!,0,#REF!,0,#REF!,0,#REF!,0,,0,,0,,0,,0,,,,,
Trizen,T3 21 C5,Shamil,MRL,Pannah Sok ,stephen,,,1400.0,Ongoing,45952.0,1 year,46317.0,45952.0,1,46044.0,1,46134.0,0,46225.0,0,,0,,0,,0,,0,LKR Transfer,shamilp54@gmail.com,+94 777 812 001,"accommodationbpo@gmail.com, chamodi.niluthpala@gmail.com, amycapili0@gmail.com, ktan0857@gmail.com",94 70 799 6063
Trizen,T3 36 C5,Mr Lasantha,MRL,TOUCH KIMLENG,stephen,,,1400.0,Ongoing,45874.0,1 year,46239.0,45874.0,1,45966.0,1,46058.0,1,46147.0,0,,0,,0,,0,,0,LKR Transfer,lasantha.somaratne@sbdu.hayleys.com,+94 765 355 958,"accommodationbpo@gmail.com, chamodi.niluthpala@gmail.com, amycapili0@gmail.com, ktan0857@gmail.com",94 70 799 6063
Trizen,T1 32 C3,Mr Shamil,MRL,Nigin Riya,stephen,,,1400.0,Ongoing,45874.0,1 year,46239.0,45874.0,1,45966.0,1,46058.0,1,46147.0,0,,0,,0,,0,,0,LKR Transfer,shamilp54@gmail.com,+94 777 812 001,"accommodationbpo@gmail.com, chamodi.niluthpala@gmail.com, amycapili0@gmail.com, ktan0857@gmail.com",94 70 799 6063
Trizen,T1 34 C3,Mr Shamil,MRL,"Abaygar A,J. Farah Lizley",stephen,,,1400.0,Ongoing,45888.0,1 year,46253.0,45888.0,1,45980.0,1,46072.0,0,46161.0,0,,0,,0,,0,,0,LKR Transfer,shamilp54@gmail.com,+94 777 812 001,"accommodationbpo@gmail.com, chamodi.niluthpala@gmail.com, amycapili0@gmail.com, ktan0857@gmail.com",94 70 799 6063
Trizen,T1 37 C3,Mr Shamil,MRL,"SABHARWAL, RAHUL",stephen,,,1400.0,Ongoing,45891.0,1 year,46256.0,45891.0,1,45983.0,1,46075.0,0,46164.0,0,,0,,0,,0,,0,LKR Transfer,shamilp54@gmail.com,+94 777 812 001,"accommodationbpo@gmail.com, chamodi.niluthpala@gmail.com, amycapili0@gmail.com, ktan0857@gmail.com",94 70 799 6063
Trizen,T1 39 C3,Mr Shamil,MRL,"CUAL, JESSICA MULINYAWE",stephen,,,1400.0,Ongoing,45891.0,1 year,46256.0,45891.0,1,45983.0,1,46075.0,0,46164.0,0,,0,,0,,0,,0,LKR Transfer,shamilp54@gmail.com,+94 777 812 001,"accommodationbpo@gmail.com, chamodi.niluthpala@gmail.com, amycapili0@gmail.com, ktan0857@gmail.com",94 70 799 6063
Trizen,T1 12 C3,Mr Shamil,MRL,Dain Mark Joseph Espina,stephen,,,1400.0,Ongoing,45894.0,1 year,46259.0,45894.0,1,45986.0,1,46078.0,0,46167.0,0,,0,,0,,0,,0,LKR Transfer,shamilp54@gmail.com,+94 777 812 001,"accommodationbpo@gmail.com, chamodi.niluthpala@gmail.com, amycapili0@gmail.com, ktan0857@gmail.com",94 70 799 6063
Capitol TwinPeaks,T2 30 B4A,Mr Malcom,MRL,PENNY,stephen,,,1300.0,Ongoing,45940.0,1 year,46305.0,45940.0,1,46032.0,1,46122.0,0,46213.0,0,,0,,0,,0,,0,LKR Transfer,malcom.southernfire@gmail.com,+94 773 041 468,"accommodationbpo@gmail.com, chamodi.niluthpala@gmail.com, amycapili0@gmail.com, ktan0857@gmail.com",94 70 799 6063
Capitol TwinPeaks,T2 12 B2,Mr Upul,MRL,FERDY SUGIANTO,stephen,,,1250.0,Ongoing,46305.0,1 year,46670.0,46305.0,1,46397.0,1,46487.0,0,46578.0,0,,0,,0,,0,,0,LKR Transfer,musconstructionsqs@gmail.com,+94 71 434 4625,"accommodationbpo@gmail.com, chamodi.niluthpala@gmail.com, amycapili0@gmail.com, ktan0857@gmail.com",94 70 799 6063
Capitol TwinPeaks,ET 21 A2b,Mr. Massimo Chistolini & Mr. Fabio Tarca,Tech City,Raymond ,stephen,,,1400.0,Ongoing,45853.0,1 year,46218.0,45853.0,1,45945.0,1,46037.0,1,46127.0,0,,0,,0,,0,,0,,rukman200@gmail.com,+39 347 486 4693,raymondvictor889@gmail.com,+63 939 340 2070
Capitol TwinPeaks,44BC2,Dr Bhagya,Tech City,,stephen,,,1450.0,Ongoing,45885.0,1 year,46250.0,45885.0,1,45977.0,1,46069.0,0,46158.0,0,,0,,0,,0,,0,,bhagya.gun@gmail.com,+94 77 395 0047,zpkzln1st@gmail.com,Ngyuen Sanh Huy
CTR Thimbirgasyaya,45717.0,Capital Trust Residencies,MRL,,stephen,,,1500.0,Ongoing,46030.0,1 year,46395.0,46030.0,1,46120.0,0,46211.0,0,46303.0,0,,0,,0,,0,,0,LKR Transfer,,,"accommodationbpo@gmail.com, chamodi.niluthpala@gmail.com, amycapili0@gmail.com, ktan0857@gmail.com",94 70 799 6063
CTR Thimbirgasyaya,45718.0,Capital Trust Residencies,MRL,,stephen,,,1500.0,Ongoing,46029.0,1 year,46394.0,46029.0,1,46119.0,0,46210.0,0,46302.0,0,,0,,0,,0,,0,LKR Transfer,,,"accommodationbpo@gmail.com, chamodi.niluthpala@gmail.com, amycapili0@gmail.com, ktan0857@gmail.com",94 70 799 6063
CTR Thimbirgasyaya,45749.0,Capital Trust Residencies,MRL,,stephen,,,1500.0,Ongoing,46024.0,1 year,46389.0,46024.0,1,46114.0,0,46205.0,0,46297.0,0,,0,,0,,0,,0,LKR Transfer,,,"accommodationbpo@gmail.com, chamodi.niluthpala@gmail.com, amycapili0@gmail.com, ktan0857@gmail.com",94 70 799 6063
CTR Thimbirgasyaya,45781.0,Capital Trust Residencies,MRL,,stephen,,,1500.0,Ongoing,46025.0,1 year,46390.0,46025.0,1,46115.0,0,46206.0,0,46298.0,0,,0,,0,,0,,0,LKR Transfer,,,"accommodationbpo@gmail.com, chamodi.niluthpala@gmail.com, amycapili0@gmail.com, ktan0857@gmail.com",94 70 799 6063
CTR Thimbirgasyaya,45841.0,Capital Trust Residencies,MRL,,stephen,,,1500.0,Ongoing,46024.0,1 year,46389.0,46024.0,1,46114.0,0,46205.0,0,46297.0,0,,0,,0,,0,,0,LKR Transfer,,,"accommodationbpo@gmail.com, chamodi.niluthpala@gmail.com, amycapili0@gmail.com, ktan0857@gmail.com",94 70 799 6063
CTR Thimbirgasyaya,45872.0,Capital Trust Residencies,MRL,,stephen,,,1500.0,Ongoing,46022.0,1 year,46387.0,46022.0,1,46112.0,0,46203.0,0,46295.0,0,,0,,0,,0,,0,LKR Transfer,,,"accommodationbpo@gmail.com, chamodi.niluthpala@gmail.com, amycapili0@gmail.com, ktan0857@gmail.com",94 70 799 6063
CTR Thimbirgasyaya,45873.0,Capital Trust Residencies,MRL,,stephen,,,1500.0,Ongoing,46015.0,1 year,46380.0,46015.0,1,46105.0,0,46197.0,0,46289.0,0,,0,,0,,0,,0,LKR Transfer,,,"accommodationbpo@gmail.com, chamodi.niluthpala@gmail.com, amycapili0@gmail.com, ktan0857@gmail.com",94 70 799 6063
CTR Thimbirgasyaya,45780.0,Capital Trust Residencies,MRL,,stephen,,,1500.0,Ongoing,46039.0,1 year,46404.0,46039.0,1,46129.0,0,46220.0,0,46312.0,0,,0,,0,,0,,0,LKR Transfer,,,"accommodationbpo@gmail.com, chamodi.niluthpala@gmail.com, amycapili0@gmail.com, ktan0857@gmail.com",94 70 799 6063
CTR Thimbirgasyaya,45660.0,Mr Chandima,MRL,Amy Capeli ,stephen,,,1500.0,Ongoing,46060.0,1 year,46425.0,46060.0,1,46149.0,0,46241.0,0,46333.0,0,,0,,0,,0,,0,LKR Transfer,kmchandima@gmail.com,+94 77 369 3778,"accommodationbpo@gmail.com, chamodi.niluthpala@gmail.com, amycapili0@gmail.com, ktan0857@gmail.com",94 70 799 6063
CTR Thimbirgasyaya,45840.0,Dr Sheewani,MRL,Amy Capeli ,stephen,,,1200.0,Ongoing,46056.0,1 year,46421.0,46056.0,0,46145.0,0,46237.0,0,46329.0,0,,0,,0,,0,,0,LKR Transfer,thejanakamil@gmail.com,+94 71 860 1029,"accommodationbpo@gmail.com, chamodi.niluthpala@gmail.com, amycapili0@gmail.com, ktan0857@gmail.com",94 70 799 6063
CTR Thimbirgasyaya,45719.0,Mr Dayasoma,MRL,Amy Capeli ,stephen,,,1500.0,Ongoing,46060.0,1 year,46425.0,46060.0,0,46149.0,0,46241.0,0,46333.0,0,,0,,0,,0,,0,LKR Transfer,dayasomaw@gmail.com,+94 71 793 6324,"accommodationbpo@gmail.com, chamodi.niluthpala@gmail.com, amycapili0@gmail.com, ktan0857@gmail.com",94 70 799 6063
CTR Thimbirgasyaya,45810.0,Mr Kumar,MRL,RODEL SAMBAJON FERRER,stephen,,,1500.0,Ongoing,46067.0,1 year,46432.0,46067.0,0,46156.0,0,46248.0,0,46340.0,0,,0,,0,,0,,0,LKR Transfer,gamunukumara88@gmail.com,+94 77 770 9996,"accommodationbpo@gmail.com, chamodi.niluthpala@gmail.com, amycapili0@gmail.com, ktan0857@gmail.com",94 70 799 6063
CTR Thimbirgasyaya,45839.0,Capital Trust Residencies,MRL,,stephen,,,1700.0,Ongoing,46053.0,1 year,46418.0,46053.0,1,46142.0,0,46233.0,0,46325.0,0,,0,,0,,0,,0,LKR Transfer,,,"accommodationbpo@gmail.com, chamodi.niluthpala@gmail.com, amycapili0@gmail.com, ktan0857@gmail.com",94 70 799 6063
CTR Thimbirgasyaya,45871.0,Capital Trust Residencies,MRL,,stephen,,,1200.0,Completed,45742.0,1 year,46107.0,45742.0,1,45834.0,1,45926.0,1,46017.0,1,,0,,0,,0,,0,LKR Transfer,,,"accommodationbpo@gmail.com, chamodi.niluthpala@gmail.com, amycapili0@gmail.com, ktan0857@gmail.com",94 70 799 6063
CTR Thimbirgasyaya,45661.0,Dilshani Bandara ,MRL,Pinki Chaudhary,stephen,,,1500.0,Ongoing,45807.0,1 year,46172.0,45807.0,1,45899.0,1,45991.0,1,46081.0,0,,0,,0,,0,,0,LKR Transfer,dilshanibandara7@gmail.com,+94 77 374 7306,"accommodationbpo@gmail.com, chamodi.niluthpala@gmail.com, amycapili0@gmail.com, ktan0857@gmail.com",94 70 799 6063
CTR Thimbirgasyaya,45689.0,Mr Dinesh,Alvis,,stephen,,,1333.0,Ongoing,46011.0,1 year,46376.0,46011.0,1,46101.0,0,46193.0,0,46285.0,0,,0,,0,,0,,0,LKR Cash,dinesh.chandimal@yahoo.com,+94 77 718 4616,hr.finity.al@gmail.com,#ERROR!
CTR Thimbirgasyaya,45748.0,Capital Trust Residencies,Alvis,,stephen,,,1333.0,Ongoing,46011.0,1 year,46376.0,46011.0,1,46101.0,0,46193.0,0,46285.0,0,,0,,0,,0,,0,LKR Cash,,,hr.finity.al@gmail.com,#ERROR!
CTR Thimbirgasyaya,45751.0,Capital Trust Residencies,Alvis,,stephen,,,1333.0,Ongoing,46011.0,1 year,46376.0,46011.0,1,46101.0,0,46193.0,0,46285.0,0,,0,,0,,0,,0,LKR Cash,,,hr.finity.al@gmail.com,#ERROR!
CTR Thimbirgasyaya,45811.0,Capital Trust Residencies,Alvis,,stephen,,,1333.0,Ongoing,46011.0,1 year,46376.0,46011.0,1,46101.0,0,46193.0,0,46285.0,0,,0,,0,,0,,0,LKR Cash,,,hr.finity.al@gmail.com,#ERROR!
CTR Thimbirgasyaya,45812.0,Capital Trust Residencies,Alvis,,stephen,,,1333.0,Ongoing,46011.0,1 year,46376.0,46011.0,1,46101.0,0,46193.0,0,46285.0,0,,0,,0,,0,,0,LKR Cash,,,hr.finity.al@gmail.com,#ERROR!
CTR Vajira Rd,45689.0,Charitha Dissanayaka,MRL,Amy Capeli ,stephen,,,1500.0,Completed,45754.0,1 year,46119.0,45754.0,1,45845.0,1,45937.0,1,46029.0,1,,0,,0,,0,,0,LKR Transfer,kingchajaba@hotmail.com,+94 71 535 0334,"accommodationbpo@gmail.com, chamodi.niluthpala@gmail.com, amycapili0@gmail.com, ktan0857@gmail.com",94 70 799 6063
CTR Vajira Rd,45658.0,Capital Trust Residencies,MRL,Amy Capeli ,stephen,,,1500.0,Completed,45754.0,1 year,46119.0,45754.0,1,45845.0,1,45937.0,1,46029.0,1,,0,,0,,0,,0,LKR Transfer,,,"accommodationbpo@gmail.com, chamodi.niluthpala@gmail.com, amycapili0@gmail.com, ktan0857@gmail.com",94 70 799 6063
CTR Vajira Rd,45839.0,Capital Trust Residencies,MRL,Amy Capeli ,stephen,,,1500.0,Completed,45754.0,1 year,46119.0,45754.0,1,45845.0,1,45937.0,1,46029.0,1,,0,,0,,0,,0,LKR Transfer,,,"accommodationbpo@gmail.com, chamodi.niluthpala@gmail.com, amycapili0@gmail.com, ktan0857@gmail.com",94 70 799 6063
CTR Vajira Rd,45840.0,Capital Trust Residencies,Alvis,Amy Capeli ,stephen,,,1333.0,Ongoing,46011.0,1 year,46376.0,46011.0,1,46101.0,0,46193.0,0,46285.0,0,,0,,0,,0,,0,LKR Cash,,,hr.finity.al@gmail.com,#ERROR!
Havelock City ,Peterson Tower 23/5,Mr Sudath ',MRL,Amy Capeli ,stephen,,,1200.0,Ongoing,46058.0,1 year,46423.0,46058.0,1,46147.0,0,46239.0,0,46331.0,0,,0,,0,,0,,0,LKR Transfer,sudath@zpmc.lk,+94 77 027 6815,"accommodationbpo@gmail.com, chamodi.niluthpala@gmail.com, amycapili0@gmail.com, ktan0857@gmail.com",94 70 799 6063
Havelock City ,Straford 7-2,Mrs Wasantha Banadarage,MRL,Shuai Xintian,stephen,,,1200.0,Completed,45754.0,1 year,46119.0,45754.0,1,45845.0,1,45937.0,1,46029.0,1,,0,,0,,0,,0,LKR Transfer,wasantha.bandarage@gmail.com,+1 (917) 545-6830,"accommodationbpo@gmail.com, chamodi.niluthpala@gmail.com, amycapili0@gmail.com, ktan0857@gmail.com",94 70 799 6063
Havelock City ,Edmonton 11-5,Dr Sivapragasam Kogularamana,MRL,Amy Capeli ,stephen,,,1300.0,Ongoing,46068.0,1 year,46433.0,46068.0,0,46157.0,0,46249.0,0,46341.0,0,,0,,0,,0,,0,LKR Transfer,dr.skramanadent@yahoo.com,+94 77 764 1403,"accommodationbpo@gmail.com, chamodi.niluthpala@gmail.com, amycapili0@gmail.com, ktan0857@gmail.com",94 70 799 6063
Havelock City ,Davidson Tower 6-3,Mr Palitha,MRL,Amy Capeli ,stephen,,,1000.0,Ongoing,45940.0,1 year,46305.0,45940.0,1,46032.0,1,46122.0,0,46213.0,0,,0,,0,,0,,0,LKR Transfer,"kspdalpatadu@gmail.com, kd8460@gmail.com",+94 77 736 2532,"accommodationbpo@gmail.com, chamodi.niluthpala@gmail.com, amycapili0@gmail.com, ktan0857@gmail.com",94 70 799 6063
Havelock City ,Davidson Tower 6-4,Mr Palitha,MRL,Amy Capeli ,stephen,,,1000.0,Ongoing,45940.0,1 year,46305.0,45940.0,1,46032.0,1,46122.0,0,46213.0,0,,0,,0,,0,,0,LKR Transfer,"kspdalpatadu@gmail.com, kd8460@gmail.com",+94 77 736 2532,"accommodationbpo@gmail.com, chamodi.niluthpala@gmail.com, amycapili0@gmail.com, ktan0857@gmail.com",94 70 799 6063
Havelock City ,Edmonton Tower 4-4,Capital Trust BI Pvt Ltd,MRL,Amy Capeli ,stephen,,,1500.0,Completed,45754.0,1 year,46119.0,45754.0,1,45845.0,1,45937.0,1,46029.0,1,,0,,0,,0,,0,LKR Transfer,minoli@capitaltrust.lk,+94 77 723 3533,"accommodationbpo@gmail.com, chamodi.niluthpala@gmail.com, amycapili0@gmail.com, ktan0857@gmail.com",94 70 799 6063
Havelock City ,Elibank 905,Capital Trust Properties,MRL,Amy Capeli ,stephen,,,1500.0,Completed,45754.0,1 year,46119.0,45754.0,1,45845.0,1,45937.0,1,46029.0,1,,0,,0,,0,,0,LKR Transfer,,,"accommodationbpo@gmail.com, chamodi.niluthpala@gmail.com, amycapili0@gmail.com, ktan0857@gmail.com",94 70 799 6063
Havelock City ,Park Tower 3-3,Mr Zuhair,Alvis,,stephen,,,867.0,Ongoing,45919.0,1 year,46284.0,45919.0,1,46010.0,1,46100.0,0,46192.0,0,,0,,0,,0,,0,LKR Cash,madxb1@gmail.com,+94 77 706 0622,hr.finity.al@gmail.com,#ERROR!
Havelock City ,Park Tower 19-1,Mr Nada,Alvis,,stephen,,,1000.0,Ongoing,45919.0,1 year,46284.0,45919.0,1,46010.0,1,46100.0,0,46192.0,0,,0,,0,,0,,0,LKR Cash,yohan.nada@gmail.com,+94 76 646 4283,hr.finity.al@gmail.com,#ERROR!
On320,T2 17A1,Mrs Dharshani,MRL,Intia Hendriyanti,stephen,,,1300.0,Completed,45766.0,1 year,46131.0,45766.0,1,45857.0,1,45949.0,1,46041.0,1,,0,,0,,0,,0,LKR Transfer,dharshanidesilva@hotmail.com,+1 (301) 648-3523,"accommodationbpo@gmail.com, chamodi.niluthpala@gmail.com, amycapili0@gmail.com, ktan0857@gmail.com",94 70 799 6063
On320,T1 21B1,CTR ,MRL,Intia Hendriyanti,stephen,,,1200.0,Completed,45761.0,1 year,46126.0,45761.0,1,45852.0,1,45944.0,1,46036.0,1,,0,,0,,0,,0,LKR Transfer,,,"accommodationbpo@gmail.com, chamodi.niluthpala@gmail.com, amycapili0@gmail.com, ktan0857@gmail.com",94 70 799 6063
Trizen,T3 31 C4,Dhinushika Selvaraj,MRL,Jeveline,stephen,,,1400.0,Ongoing,45931.0,1 year,46296.0,45931.0,1,46023.0,1,46113.0,0,46204.0,0,,0,,0,,0,,0,LKR Transfer,,,"accommodationbpo@gmail.com, chamodi.niluthpala@gmail.com, amycapili0@gmail.com, ktan0857@gmail.com",94 70 799 6063
Trizen,T1 20B4,Mr Rushanka,MRL,Fay,stephen,,,1250.0,Ongoing,46008.0,1 year,46373.0,46008.0,1,46098.0,0,46190.0,0,46282.0,0,,0,,0,,0,,0,LKR Transfer,"rushankasilva@gmail.com, dineshr@indratraders.lk",+94 77 762 6818,"accommodationbpo@gmail.com, chamodi.niluthpala@gmail.com, amycapili0@gmail.com, ktan0857@gmail.com",94 70 799 6063
Trizen,T1 21 B10,Mr Rushanka,MRL,Gordon,stephen,,,1250.0,Ongoing,46008.0,1 year,46373.0,46008.0,1,46098.0,0,46190.0,0,46282.0,0,,0,,0,,0,,0,LKR Transfer,"rushankasilva@gmail.com, dineshr@indratraders.lk",+94 77 762 6818,"accommodationbpo@gmail.com, chamodi.niluthpala@gmail.com, amycapili0@gmail.com, ktan0857@gmail.com",94 70 799 6063
Trizen,T3 17B10,Mr Rushanka,MRL,Tule,stephen,,,1250.0,Ongoing,46008.0,1 year,46373.0,46008.0,1,46098.0,0,46190.0,0,46282.0,0,,0,,0,,0,,0,LKR Transfer,"rushankasilva@gmail.com, dineshr@indratraders.lk",+94 77 762 6818,"accommodationbpo@gmail.com, chamodi.niluthpala@gmail.com, amycapili0@gmail.com, ktan0857@gmail.com",94 70 799 6063
Trizen,T3 37B10,Mr Ismath,MRL,,stephen,,,1250.0,Ongoing,46015.0,1 year,46380.0,46015.0,1,46105.0,0,46197.0,0,46289.0,0,,0,,0,,0,,0,LKR Transfer,olen.ismath@icloud.com,+94 76 394 6139,"accommodationbpo@gmail.com, chamodi.niluthpala@gmail.com, amycapili0@gmail.com, ktan0857@gmail.com",94 70 799 6063
Trizen,T3 25C4,Mr Prakash,MRL,,stephen,,,1350.0,Ongoing,46015.0,1 year,46380.0,46015.0,1,46105.0,0,46197.0,0,46289.0,0,,0,,0,,0,,0,LKR Transfer,muraliyp001@gmail.com,+94 77 734 7171,"accommodationbpo@gmail.com, chamodi.niluthpala@gmail.com, amycapili0@gmail.com, ktan0857@gmail.com",94 70 799 6063
Trizen,T3 20C2,Capital Trust BI Pvt Ltd,MRL,Intia Hendriyanti,stephen,,,1400.0,Completed,45755.0,1 year,46120.0,45755.0,1,45846.0,1,45938.0,1,46030.0,1,,0,,0,,0,,0,LKR Transfer,minoli@capitaltrust.lk,+94 77 723 3533,"accommodationbpo@gmail.com, chamodi.niluthpala@gmail.com, amycapili0@gmail.com, ktan0857@gmail.com",94 70 799 6063
Trizen,T2 41B1,Capital Trust BI Pvt Ltd,MRL,Intia Hendriyanti,stephen,,,1200.0,Completed,45764.0,1 year,46129.0,45764.0,1,45855.0,1,45947.0,1,46039.0,1,,0,,0,,0,,0,LKR Transfer,minoli@capitaltrust.lk,+94 77 723 3533,"accommodationbpo@gmail.com, chamodi.niluthpala@gmail.com, amycapili0@gmail.com, ktan0857@gmail.com",94 70 799 6063
Trizen,T3 43C2,Braybrooke Residential Towers (Pvt) Ltd,MRL,Intia Hendriyanti,stephen,,,1400.0,Completed,45773.0,1 year,46138.0,45773.0,1,45864.0,1,45956.0,1,46048.0,0,,0,,0,,0,,0,LKR Transfer,"shenura.jkp@keells.com, sachinwi.jkp@keells.com, shirali.jkp@keells.com","Shenura -+ 94 71 875 6923, Shiralie  +94 77 723 3533","accommodationbpo@gmail.com, chamodi.niluthpala@gmail.com, amycapili0@gmail.com, ktan0857@gmail.com",94 70 799 6063
Trizen,T3 44C2,Braybrooke Residential Towers (Pvt) Ltd,MRL,Intia Hendriyanti,stephen,,,1400.0,Completed,45773.0,1 year,46138.0,45773.0,1,45864.0,1,45956.0,1,46048.0,0,,0,,0,,0,,0,LKR Transfer,"shenura.jkp@keells.com, sachinwi.jkp@keells.com, shirali.jkp@keells.com","Shenura -+ 94 71 875 6923, Shiralie  +94 77 723 3533","accommodationbpo@gmail.com, chamodi.niluthpala@gmail.com, amycapili0@gmail.com, ktan0857@gmail.com",94 70 799 6063
Trizen,T3 49C2,Braybrooke Residential Towers (Pvt) Ltd,MRL,Reika Uli Boru Samosir,stephen,,,1400.0,Ongoing,45834.0,1 year,46199.0,45834.0,1,45926.0,1,46017.0,1,46107.0,0,,0,,0,,0,,0,LKR Transfer,"shenura.jkp@keells.com, sachinwi.jkp@keells.com, shirali.jkp@keells.com","Shenura -+ 94 71 875 6923, Shiralie  +94 77 723 3533","accommodationbpo@gmail.com, chamodi.niluthpala@gmail.com, amycapili0@gmail.com, ktan0857@gmail.com",94 70 799 6063
Trizen,T3 48C2,Braybrooke Residential Towers (Pvt) Ltd,MRL,"NGO, THI HA",stephen,,,1400.0,Ongoing,45834.0,1 year,46199.0,45834.0,1,45926.0,1,46017.0,1,46107.0,0,,0,,0,,0,,0,LKR Transfer,"shenura.jkp@keells.com, sachinwi.jkp@keells.com, shirali.jkp@keells.com","Shenura -+ 94 71 875 6923, Shiralie  +94 77 723 3533","accommodationbpo@gmail.com, chamodi.niluthpala@gmail.com, amycapili0@gmail.com, ktan0857@gmail.com",94 70 799 6063
Trizen,T3 38C4,Shankar,MRL,Han Shuai,stephen,,,1400.0,Ongoing,45838.0,1 year,46203.0,45838.0,1,45930.0,1,46021.0,1,46111.0,0,,0,,0,,0,,0,LKR Transfer,tnparanth@gmail.com,,"accommodationbpo@gmail.com, chamodi.niluthpala@gmail.com, amycapili0@gmail.com, ktan0857@gmail.com",94 70 799 6063
Trizen,T2 41B6,Braybrooke Residential Towers (Pvt) Ltd,MRL,Intia Hendriyanti,stephen,,,1250.0,Ongoing,45845.0,1 year,46210.0,45845.0,1,45937.0,1,46029.0,1,46119.0,0,,0,,0,,0,,0,LKR Transfer,"shenura.jkp@keells.com, sachinwi.jkp@keells.com, shirali.jkp@keells.com","Shenura -+ 94 71 875 6923, Shiralie  +94 77 723 3533","accommodationbpo@gmail.com, chamodi.niluthpala@gmail.com, amycapili0@gmail.com, ktan0857@gmail.com",94 70 799 6063
Trizen,T2 34B7,Braybrooke Residential Towers (Pvt) Ltd,MRL,Regie May Lleva,stephen,,,1250.0,Ongoing,45842.0,1 year,46207.0,45842.0,1,45934.0,1,46026.0,1,46116.0,0,,0,,0,,0,,0,LKR Transfer,"shenura.jkp@keells.com, sachinwi.jkp@keells.com, shirali.jkp@keells.com","Shenura -+ 94 71 875 6923, Shiralie  +94 77 723 3533","accommodationbpo@gmail.com, chamodi.niluthpala@gmail.com, amycapili0@gmail.com, ktan0857@gmail.com",94 70 799 6063
Trizen,T2 36B6,Braybrooke Residential Towers (Pvt) Ltd,MRL,Maricel Siapco,stephen,,,1250.0,Ongoing,45842.0,1 year,46207.0,45842.0,1,45934.0,1,46026.0,1,46116.0,0,,0,,0,,0,,0,LKR Transfer,"shenura.jkp@keells.com, sachinwi.jkp@keells.com, shirali.jkp@keells.com","Shenura -+ 94 71 875 6923, Shiralie  +94 77 723 3533","accommodationbpo@gmail.com, chamodi.niluthpala@gmail.com, amycapili0@gmail.com, ktan0857@gmail.com",94 70 799 6063
Trizen,T2 33B5,Braybrooke Residential Towers (Pvt) Ltd,MRL,Angelou Tudlasan,stephen,,,1250.0,Ongoing,45842.0,1 year,46207.0,45842.0,1,45934.0,1,46026.0,1,46116.0,0,,0,,0,,0,,0,LKR Transfer,"shenura.jkp@keells.com, sachinwi.jkp@keells.com, shirali.jkp@keells.com","Shenura -+ 94 71 875 6923, Shiralie  +94 77 723 3533","accommodationbpo@gmail.com, chamodi.niluthpala@gmail.com, amycapili0@gmail.com, ktan0857@gmail.com",94 70 799 6063
Trizen,T3 19 C5,IRSHATH AHAMED ABDUL RAHEEM,MRL,MACKY BOY VEGIGA,stephen,,,1400.0,Ongoing,45909.0,1 year,46274.0,45909.0,1,46000.0,1,46090.0,0,46182.0,0,,0,,0,,0,,0,LKR Transfer,"mazarik@live.com, ahamedari@gmail.com",Mazarick  - '+94 77 236 4077,"accommodationbpo@gmail.com, chamodi.niluthpala@gmail.com, amycapili0@gmail.com, ktan0857@gmail.com",94 70 799 6063
Trizen,T3 22 C5,Mr Shamil,MRL,Salim Saqlain,stephen,,,1400.0,Ongoing,45917.0,1 year,46282.0,45917.0,1,46008.0,1,46098.0,0,46190.0,0,,0,,0,,0,,0,LKR Transfer,shamilp54@gmail.com,+94 777 812 001,"accommodationbpo@gmail.com, chamodi.niluthpala@gmail.com, amycapili0@gmail.com, ktan0857@gmail.com",94 70 799 6063
Trizen,T3 28 C5,Mr Shamil,MRL,Roy Shiva,stephen,,,1400.0,Ongoing,45917.0,1 year,46282.0,45917.0,1,46008.0,1,46098.0,0,46190.0,0,,0,,0,,0,,0,LKR Transfer,shamilp54@gmail.com,+94 777 812 001,"accommodationbpo@gmail.com, chamodi.niluthpala@gmail.com, amycapili0@gmail.com, ktan0857@gmail.com",94 70 799 6063
Trizen,T3 16 C5,Dr Sheewani ,MRL,,stephen,,,1400.0,Ongoing,46008.0,1 year,46373.0,46008.0,1,46098.0,0,46190.0,0,46282.0,0,,0,,0,,0,,0,LKR Transfer,thejanakamil@gmail.com,+94 71 860 1029,"accommodationbpo@gmail.com, chamodi.niluthpala@gmail.com, amycapili0@gmail.com, ktan0857@gmail.com",94 70 799 6063
Trizen,T1 33 C1,Dr Sheewani ,MRL,,stephen,,,1400.0,Ongoing,45979.0,1 year,46344.0,45979.0,1,46071.0,0,46160.0,0,46252.0,0,,0,,0,,0,,0,LKR Transfer,thejanakamil@gmail.com,+94 71 860 1029,"accommodationbpo@gmail.com, chamodi.niluthpala@gmail.com, amycapili0@gmail.com, ktan0857@gmail.com",94 70 799 6063
Trizen,T3 37 C4,Sarath Ganegoda,MRL,Dante Estrella Garcia,stephen,,,1400.0,Ongoing,46031.0,1 year,46396.0,46031.0,1,46121.0,0,46212.0,0,46304.0,0,,0,,0,,0,,0,LKR Transfer,sarath.ganegoda@hayleys.com,+94 77 742 8824 (Vidusha  - secretary,"accommodationbpo@gmail.com, chamodi.niluthpala@gmail.com, amycapili0@gmail.com, ktan0857@gmail.com",94 70 799 6063
Capitol TwinPeaks,T2 27 B3a,COPYLINE INTERNATIONAL (PRIVATE) LIMITED,MRL,NGUŶEN ƉĺNH TȂN ,stephen,,,,Completed,45742.0,1 year,46107.0,45742.0,1,45834.0,1,45926.0,1,46017.0,1,,0,,0,,0,,0,,,,,
,,,,,,,,,,,,,,0,,0,,0,,0,,0,,0,,0,,0,,,,,
Trizen,T2 33 B7,John Keells Holdings,Raymond,Xu Tianyue,daniel,,,1250.0,Ongoing,45806.0,1 year,46171.0,45806.0,1,45898.0,1,45990.0,1,46081.0,0,,0,,0,,0,,0,,"shenura.jkp@keells.com
shirali.jkp@keells.com","
+ 94 70 296 6132","Valfreya899@gmail.com | 
raymondvictor889@gmail.com",Raymond - WhatsApp (+63 939 340 2070)
Trizen,T3 45 C2,John Keells Holdings,Ivan,Mr Andy Lim,daniel,,,1400.0,Cancelled,45811.0,1 year,46176.0,45811.0,1,45903.0,1,45994.0,1,46084.0,0,,0,,0,,0,,0,,"shenura.jkp@keells.com
shirali.jkp@keells.com","
+ 94 70 296 6132",ivanyezang@gmail.com,Ivan - WhatsApp (+94 70 466 9999)
Trizen,T1 25 C3,Mr Channa Palansuriya,Raymond,,daniel,,,1400.0,Ongoing,45817.0,1 year,46182.0,45817.0,1,45909.0,1,46000.0,1,46090.0,0,,0,,0,,0,,0,,abayaruwan.59@gmail.com,+94 77 541 6556,ivanyezang@gmail.com,Ivan - WhatsApp (+94 70 466 9999)
Trizen,T1 51 C3,Ms Sajini Silva,Raymond,Mr Hendry,daniel,,,1400.0,Ongoing,45827.0,1 year,46192.0,45827.0,1,45919.0,1,46010.0,1,46100.0,0,,0,,0,,0,,0,,sajinis@yahoo.com,"
+94 77 227 7744","Valfreya899@gmail.com | 
raymondvictor889@gmail.com",Raymond - WhatsApp (+63 939 340 2070)
Trizen,T2 39 B6,John Keells Holdings,BSport (Tech City),Janica Oracoy,daniel,,,1250.0,Ongoing,45831.0,1 year,46196.0,45831.0,1,45923.0,1,46014.0,1,46104.0,0,,0,,0,,0,,0,,"shenura.jkp@keells.com
shirali.jkp@keells.com","
+ 94 70 296 6132","janicaoracoy81@gmail.com | 
thanhtrucnttt2305@gmail.com","Janica - WhatsApp (+63 962 042 9174) | 
Richelle - WhatsApp (+63 961 058 1223)"
Trizen,T2 38 B6,John Keells Holdings,BSport (Tech City),Maria Nain Patubo,daniel,,,1250.0,Ongoing,45831.0,1 year,46196.0,45831.0,1,45923.0,1,46014.0,1,46104.0,0,,0,,0,,0,,0,,"shenura.jkp@keells.com
shirali.jkp@keells.com","
+ 94 70 296 6132","janicaoracoy81@gmail.com | 
thanhtrucnttt2305@gmail.com","Janica - WhatsApp (+63 962 042 9174) | 
Richelle - WhatsApp (+63 961 058 1223)"
Trizen,T2 40 B6,John Keells Holdings,BSport (Tech City),Zhao Gang,daniel,,,1400.0,Ongoing,45831.0,1 year,46196.0,45831.0,1,45923.0,1,46014.0,1,46104.0,0,,0,,0,,0,,0,,"shenura.jkp@keells.com
shirali.jkp@keells.com","
+ 94 70 296 6132","janicaoracoy81@gmail.com | 
thanhtrucnttt2305@gmail.com","Janica - WhatsApp (+63 962 042 9174) | 
Richelle - WhatsApp (+63 961 058 1223)"
Trizen,T3 27 C5,Mr Shamil Peiris,Tech City,DENNIS PENG CHIA CHERN,daniel,,,1400.0,Ongoing,46049.0,1 year,46414.0,46049.0,1,46139.0,0,46230.0,0,46322.0,0,,0,,0,,0,,0,,shamilp54@gmail.com,+94 77 781 2001,"janicaoracoy81@gmail.com | 
techcitybpo1@gmail.com",Janica - WhatsApp (+63 962 042 9174)
Trizen,T3 26 C5,Mr Shamil Peiris,Manuel (Tech City),JEFFERSON,daniel,,,1400.0,Ongoing,46048.0,1 year,46413.0,46048.0,1,46138.0,0,46229.0,0,46321.0,0,,0,,0,,0,,0,,shamilp54@gmail.com,+94 77 781 2001,janicaoracoy81@gmail.com,Janica - WhatsApp (+63 962 042 9174)
Trizen,T3 25 C5,Mr Shamil Peiris,Tech City,Phillip Jefferson,daniel,,,1400.0,Ongoing,46049.0,1 year,46414.0,46049.0,1,46139.0,0,46230.0,0,46322.0,0,,0,,0,,0,,0,,shamilp54@gmail.com,+94 77 781 2001,"janicaoracoy81@gmail.com | 
techcitybpo1@gmail.com",Janica - WhatsApp (+63 962 042 9174)
Trizen,T3 24 C4,Mr Shamil Peiris,Manuel (tech City),Nguyễn Hoàng Phúc,daniel,,,1400.0,Ongoing,46048.0,1 year,46413.0,46048.0,1,46138.0,0,46229.0,0,46321.0,0,,0,,0,,0,,0,,shamilp54@gmail.com,+94 77 781 2001,janicaoracoy81@gmail.com,Janica - WhatsApp (+63 962 042 9174)
Trizen,T3 26 C4,Mr Shamil Peiris,Ivan,CHEN  XIAOXIAO,daniel,,,1400.0,Ongoing,45964.0,1 year,46329.0,45964.0,1,46056.0,1,46145.0,0,46237.0,0,,0,,0,,0,,0,,shamilp54@gmail.com,+94 77 781 2001,ivanyezang@gmail.com,Ivan - WhatsApp (+94 70 466 9999)
Trizen,T3 24 C5,Mr Shamil Peiris,Raymond,LIU. XIN,daniel,,,1400.0,Ongoing,45964.0,1 year,46329.0,45964.0,1,46056.0,1,46145.0,0,46237.0,0,,0,,0,,0,,0,,shamilp54@gmail.com,+94 77 781 2001,"Valfreya899@gmail.com | 
raymondvictor889@gmail.com",Raymond - WhatsApp (+63 939 340 2070)
Trizen,T3 21 C4,Mr Shamil Peiris,Ivan,XU. TIANYUE,daniel,,,1400.0,Cancelled,45964.0,1 year,46329.0,45964.0,1,46056.0,0,46145.0,0,46237.0,0,,0,,0,,0,,0,,shamilp54@gmail.com,+94 77 781 2001,ivanyezang@gmail.com,Ivan - WhatsApp (+94 70 466 9999)
Trizen,T2 22 B5,Ms. Rineeza Ruwaim,BSport (Tech City),,daniel,,,1250.0,Ongoing,45930.0,1 year,46295.0,45930.0,1,46021.0,1,46111.0,0,46203.0,0,,0,,0,,0,,0,,"frineeza@yahoo.com
Wathsala@capitaltrust.lk","+94 77 902 2243
+94 76 265 7383","janicaoracoy81@gmail.com | 
thanhtrucnttt2305@gmail.com","Janica - WhatsApp (+63 962 042 9174) | 
Richelle - WhatsApp (+63 961 058 1223)"
Trizen,T1 29 B2,Mr. Susantha Abeywickrama,BSport (Tech City),,daniel,,,1200.0,Ongoing,45930.0,1 year,46295.0,45930.0,1,46021.0,1,46111.0,0,46203.0,0,,0,,0,,0,,0,," i.susa.abey@icloud.com
Wathsala@capitaltrust.lk","+94 77 755 5246
+94 76 265 7383","janicaoracoy81@gmail.com | 
thanhtrucnttt2305@gmail.com","Janica - WhatsApp (+63 962 042 9174) | 
Richelle - WhatsApp (+63 961 058 1223)"
Iceland,24 B,Mr Dasantha,Phillip (Tech City),ONG SIN YEW,daniel,,,1500.0,Ongoing,46062.0,1 year,46427.0,46062.0,1,46151.0,0,46243.0,0,46335.0,0,,0,,0,,0,,0,,"salinda@vsioncaresl.com | 
apsara.ranatunga@gmail.com",+94 77 660 8774,"janicaoracoy81@gmail.com | 
","Janica - WhatsApp (+63 962 042 9174) |
Phillip - WhatsApp (+63 917 814 9709)"
,,,,,,,,,,,,,,0,,0,,0,,0,,0,,0,,0,,0,,,,,
,,,,,,,,,,,,,,0,,0,,0,,0,,0,,0,,0,,0,,,,,
,,,,,,,,,,,,,,0,,0,,0,,0,,0,,0,,0,,0,,,,,
,,,,,,,,,,,,,,0,,0,,0,,0,,0,,0,,0,,0,,,,,
,,,,,,,,,,,,,,0,,0,,0,,0,,0,,0,,0,,0,,,,,
,,,,,,,,,,,,,,0,,0,,0,,0,,0,,0,,0,,0,,,,,
,,,,,,,,,,,,,,0,,0,,0,,0,,0,,0,,0,,0,,,,,
,,,,,,,,,,,,,,0,,0,,0,,0,,0,,0,,0,,0,,,,,
,,,,,,,,,,,,,,0,,0,,0,,0,,0,,0,,0,,0,,,,,
,,,,,,,,,,,,,,0,,0,,0,,0,,0,,0,,0,,0,,,,,
,,,,,,,,,,,,,,0,,0,,0,,0,,0,,0,,0,,0,,,,,
,,,,,,,,,,,,,,0,,0,,0,,0,,0,,0,,0,,0,,,,,
,,,,,,,,,,,,,,0,,0,,0,,0,,0,,0,,0,,0,,,,,
,,,,,,,,,,,,,,0,,0,,0,,0,,0,,0,,0,,0,,,,,
,,,,,,,,,,,,,,0,,0,,0,,0,,0,,0,,0,,0,,,,,
,,,,,,,,,,,,,,0,,0,,0,,0,,0,,0,,0,,0,,,,,
,,,,,,,,,,,,,,0,,0,,0,,0,,0,,0,,0,,0,,,,,
,,,,,,,,,,,,,,0,,0,,0,,0,,0,,0,,0,,0,,,,,
,,,,,,,,,,,,,,0,,0,,0,,0,,0,,0,,0,,0,,,,,
,,,,,,,,,,,,,,0,,0,,0,,0,,0,,0,,0,,0,,,,,
,,,,,,,,,,,,,,0,,0,,0,,0,,0,,0,,0,,0,,,,,
,,,,,,,,,,,,,,0,,0,,0,,0,,0,,0,,0,,0,,,,,
,,,,,,,,,,,,,,0,,0,,0,,0,,0,,0,,0,,0,,,,,
,,,,,,,,,,,,,,0,,0,,0,,0,,0,,0,,0,,0,,,,,
,,,,,,,,,,,,,,0,,0,,0,,0,,0,,0,,0,,0,,,,,
,,,,,,,,,,,,,,0,,0,,0,,0,,0,,0,,0,,0,,,,,
,,,,,,,,,,,,,,0,,0,,0,,0,,0,,0,,0,,0,,,,,
,,,,,,,,,,,,,,0,,0,,0,,0,,0,,0,,0,,0,,,,,
,,,,,,,,,,,,,,0,,0,,0,,0,,0,,0,,0,,0,,,,,
,,,,,,,,,,,,,,0,,0,,0,,0,,0,,0,,0,,0,,,,,
,,,,,,,,,,,,,,0,,0,,0,,0,,0,,0,,0,,0,,,,,
,,,,,,,,,,,,,,0,,0,,0,,0,,0,,0,,0,,0,,,,,
,,,,,,,,,,,,,,0,,0,,0,,0,,0,,0,,0,,0,,,,,
,,,,,,,,,,,,,,0,,0,,0,,0,,0,,0,,0,,0,,,,,
,,,,,,,,,,,,,,0,,0,,0,,0,,0,,0,,0,,0,,,,,
,,,,,,,,,,,,,,0,,0,,0,,0,,0,,0,,0,,0,,,,,
,,,,,,,,,,,,,,0,,0,,0,,0,,0,,0,,0,,0,,,,,
,,,,,,,,,,,,,,0,,0,,0,,0,,0,,0,,0,,0,,,,,
,,,,,,,,,,,,,,0,,0,,0,,0,,0,,0,,0,,0,,,,,
,,,,,,,,,,,,,,0,,0,,0,,0,,0,,0,,0,,0,,,,,
,,,,,,,,,,,,,,0,,0,,0,,0,,0,,0,,0,,0,,,,,
,,,,,,,,,,,,,,0,,0,,0,,0,,0,,0,,0,,0,,,,,
,,,,,,,,,,,,,,0,,0,,0,,0,,0,,0,,0,,0,,,,,
,,,,,,,,,,,,,,0,,0,,0,,0,,0,,0,,0,,0,,,,,
,,,,,,,,,,,,,,0,,0,,0,,0,,0,,0,,0,,0,,,,,
,,,,,,,,,,,,,,0,,0,,0,,0,,0,,0,,0,,0,,,,,
,,,,,,,,,,,,,,0,,0,,0,,0,,0,,0,,0,,0,,,,,
,,,,,,,,,,,,,,0,,0,,0,,0,,0,,0,,0,,0,,,,,
,,,,,,,,,,,,,,0,,0,,0,,0,,0,,0,,0,,0,,,,,
,,,,,,,,,,,,,,0,,0,,0,,0,,0,,0,,0,,0,,,,,
,,,,,,,,,,,,,,0,,0,,0,,0,,0,,0,,0,,0,,,,,
,,,,,,,,,,,,,,0,,0,,0,,0,,0,,0,,0,,0,,,,,
,,,,,,,,,,,,,,0,,0,,0,,0,,0,,0,,0,,0,,,,,
,,,,,,,,,,,,,,0,,0,,0,,0,,0,,0,,0,,0,,,,,
,,,,,,,,,,,,,,0,,0,,0,,0,,0,,0,,0,,0,,,,,
,,,,,,,,,,,,,,0,,0,,0,,0,,0,,0,,0,,0,,,,,
,,,,,,,,,,,,,,0,,0,,0,,0,,0,,0,,0,,0,,,,,
,,,,,,,,,,,,,,0,,0,,0,,0,,0,,0,,0,,0,,,,,
,,,,,,,,,,,,,,0,,0,,0,,0,,0,,0,,0,,0,,,,,
,,,,,,,,,,,,,,0,,0,,0,,0,,0,,0,,0,,0,,,,,
,,,,,,,,,,,,,,0,,0,,0,,0,,0,,0,,0,,0,,,,,
,,,,,,,,,,,,,,0,,0,,0,,0,,0,,0,,0,,0,,,,,
,,,,,,,,,,,,,,0,,0,,0,,0,,0,,0,,0,,0,,,,,
,,,,,,,,,,,,,,0,,0,,0,,0,,0,,0,,0,,0,,,,,
,,,,,,,,,,,,,,0,,0,,0,,0,,0,,0,,0,,0,,,,,
,,,,,,,,,,,,,,0,,0,,0,,0,,0,,0,,0,,0,,,,,
,,,,,,,,,,,,,,0,,0,,0,,0,,0,,0,,0,,0,,,,,
,,,,,,,,,,,,,,0,,0,,0,,0,,0,,0,,0,,0,,,,,
,,,,,,,,,,,,,,0,,0,,0,,0,,0,,0,,0,,0,,,,,
,,,,,,,,,,,,,,0,,0,,0,,0,,0,,0,,0,,0,,,,,
,,,,,,,,,,,,,,0,,0,,0,,0,,0,,0,,0,,0,,,,,
,,,,,,,,,,,,,,0,,0,,0,,0,,0,,0,,0,,0,,,,,
,,,,,,,,,,,,,,0,,0,,0,,0,,0,,0,,0,,0,,,,,
,,,,,,,,,,,,,,0,,0,,0,,0,,0,,0,,0,,0,,,,,
,,,,,,,,,,,,,,0,,0,,0,,0,,0,,0,,0,,0,,,,,
,,,,,,,,,,,,,,0,,0,,0,,0,,0,,0,,0,,0,,,,,
,,,,,,,,,,,,,,0,,0,,0,,0,,0,,0,,0,,0,,,,,
,,,,,,,,,,,,,,0,,0,,0,,0,,0,,0,,0,,0,,,,,
,,,,,,,,,,,,,,0,,0,,0,,0,,0,,0,,0,,0,,,,,
,,,,,,,,,,,,,,0,,0,,0,,0,,0,,0,,0,,0,,,,,
,,,,,,,,,,,,,,0,,0,,0,,0,,0,,0,,0,,0,,,,,
,,,,,,,,,,,,,,0,,0,,0,,0,,0,,0,,0,,0,,,,,
,,,,,,,,,,,,,,0,,0,,0,,0,,0,,0,,0,,0,,,,,
,,,,,,,,,,,,,,0,,0,,0,,0,,0,,0,,0,,0,,,,,
,,,,,,,,,,,,,,0,,0,,0,,0,,0,,0,,0,,0,,,,,
,,,,,,,,,,,,,,0,,0,,0,,0,,0,,0,,0,,0,,,,,
,,,,,,,,,,,,,,0,,0,,0,,0,,0,,0,,0,,0,,,,,
,,,,,,,,,,,,,,0,,0,,0,,0,,0,,0,,0,,0,,,,,
,,,,,,,,,,,,,,0,,0,,0,,0,,0,,0,,0,,0,,,,,
,,,,,,,,,,,,,,0,,0,,0,,0,,0,,0,,0,,0,,,,,
,,,,,,,,,,,,,,0,,0,,0,,0,,0,,0,,0,,0,,,,,
,,,,,,,,,,,,,,0,,0,,0,,0,,0,,0,,0,,0,,,,,
,,,,,,,,,,,,,,0,,0,,0,,0,,0,,0,,0,,0,,,,,
,,,,,,,,,,,,,,0,,0,,0,,0,,0,,0,,0,,0,,,,,
,,,,,,,,,,,,,,0,,0,,0,,0,,0,,0,,0,,0,,,,,
,,,,,,,,,,,,,,0,,0,,0,,0,,0,,0,,0,,0,,,,,
,,,,,,,,,,,,,,0,,0,,0,,0,,0,,0,,0,,0,,,,,
,,,,,,,,,,,,,,0,,0,,0,,0,,0,,0,,0,,0,,,,,
,,,,,,,,,,,,,,0,,0,,0,,0,,0,,0,,0,,0,,,,,
,,,,,,,,,,,,,,0,,0,,0,,0,,0,,0,,0,,0,,,,,
,,,,,,,,,,,,,,0,,0,,0,,0,,0,,0,,0,,0,,,,,
,,,,,,,,,,,,,,0,,0,,0,,0,,0,,0,,0,,0,,,,,
,,,,,,,,,,,,,,0,,0,,0,,0,,0,,0,,0,,0,,,,,
,,,,,,,,,,,,,,0,,0,,0,,0,,0,,0,,0,,0,,,,,
,,,,,,,,,,,,,,0,,0,,0,,0,,0,,0,,0,,0,,,,,
,,,,,,,,,,,,,,0,,0,,0,,0,,0,,0,,0,,0,,,,,
,,,,,,,,,,,,,,0,,0,,0,,0,,0,,0,,0,,0,,,,,
,,,,,,,,,,,,,,0,,0,,0,,0,,0,,0,,0,,0,,,,,
,,,,,,,,,,,,,,0,,0,,0,,0,,0,,0,,0,,0,,,,,
,,,,,,,,,,,,,,0,,0,,0,,0,,0,,0,,0,,0,,,,,
,,,,,,,,,,,,,,0,,0,,0,,0,,0,,0,,0,,0,,,,,
,,,,,,,,,,,,,,0,,0,,0,,0,,0,,0,,0,,0,,,,,
,,,,,,,,,,,,,,0,,0,,0,,0,,0,,0,,0,,0,,,,,
,,,,,,,,,,,,,,0,,0,,0,,0,,0,,0,,0,,0,,,,,
,,,,,,,,,,,,,,0,,0,,0,,0,,0,,0,,0,,0,,,,,
,,,,,,,,,,,,,,0,,0,,0,,0,,0,,0,,0,,0,,,,,
,,,,,,,,,,,,,,0,,0,,0,,0,,0,,0,,0,,0,,,,,
,,,,,,,,,,,,,,0,,0,,0,,0,,0,,0,,0,,0,,,,,
,,,,,,,,,,,,,,0,,0,,0,,0,,0,,0,,0,,0,,,,,
,,,,,,,,,,,,,,0,,0,,0,,0,,0,,0,,0,,0,,,,,
,,,,,,,,,,,,,,0,,0,,0,,0,,0,,0,,0,,0,,,,,
,,,,,,,,,,,,,,0,,0,,0,,0,,0,,0,,0,,0,,,,,
,,,,,,,,,,,,,,0,,0,,0,,0,,0,,0,,0,,0,,,,,
,,,,,,,,,,,,,,0,,0,,0,,0,,0,,0,,0,,0,,,,,
,,,,,,,,,,,,,,0,,0,,0,,0,,0,,0,,0,,0,,,,,
,,,,,,,,,,,,,,0,,0,,0,,0,,0,,0,,0,,0,,,,,
,,,,,,,,,,,,,,0,,0,,0,,0,,0,,0,,0,,0,,,,,
,,,,,,,,,,,,,,0,,0,,0,,0,,0,,0,,0,,0,,,,,
,,,,,,,,,,,,,,0,,0,,0,,0,,0,,0,,0,,0,,,,,
,,,,,,,,,,,,,,0,,0,,0,,0,,0,,0,,0,,0,,,,,
,,,,,,,,,,,,,,0,,0,,0,,0,,0,,0,,0,,0,,,,,
,,,,,,,,,,,,,,0,,0,,0,,0,,0,,0,,0,,0,,,,,
,,,,,,,,,,,,,,0,,0,,0,,0,,0,,0,,0,,0,,,,,
,,,,,,,,,,,,,,0,,0,,0,,0,,0,,0,,0,,0,,,,,
,,,,,,,,,,,,,,0,,0,,0,,0,,0,,0,,0,,0,,,,,
,,,,,,,,,,,,,,0,,0,,0,,0,,0,,0,,0,,0,,,,,
,,,,,,,,,,,,,,0,,0,,0,,0,,0,,0,,0,,0,,,,,
,,,,,,,,,,,,,,0,,0,,0,,0,,0,,0,,0,,0,,,,,
,,,,,,,,,,,,,,0,,0,,0,,0,,0,,0,,0,,0,,,,,
,,,,,,,,,,,,,,0,,0,,0,,0,,0,,0,,0,,0,,,,,
,,,,,,,,,,,,,,0,,0,,0,,0,,0,,0,,0,,0,,,,,
,,,,,,,,,,,,,,0,,0,,0,,0,,0,,0,,0,,0,,,,,
,,,,,,,,,,,,,,0,,0,,0,,0,,0,,0,,0,,0,,,,,
,,,,,,,,,,,,,,0,,0,,0,,0,,0,,0,,0,,0,,,,,
,,,,,,,,,,,,,,0,,0,,0,,0,,0,,0,,0,,0,,,,,
,,,,,,,,,,,,,,0,,0,,0,,0,,0,,0,,0,,0,,,,,
,,,,,,,,,,,,,,0,,0,,0,,0,,0,,0,,0,,0,,,,,
,,,,,,,,,,,,,,0,,0,,0,,0,,0,,0,,0,,0,,,,,
,,,,,,,,,,,,,,0,,0,,0,,0,,0,,0,,0,,0,,,,,
,,,,,,,,,,,,,,0,,0,,0,,0,,0,,0,,0,,0,,,,,
,,,,,,,,,,,,,,0,,0,,0,,0,,0,,0,,0,,0,,,,,
,,,,,,,,,,,,,,0,,0,,0,,0,,0,,0,,0,,0,,,,,
,,,,,,,,,,,,,,0,,0,,0,,0,,0,,0,,0,,0,,,,,
,,,,,,,,,,,,,,0,,0,,0,,0,,0,,0,,0,,0,,,,,
,,,,,,,,,,,,,,0,,0,,0,,0,,0,,0,,0,,0,,,,,
,,,,,,,,,,,,,,0,,0,,0,,0,,0,,0,,0,,0,,,,,
,,,,,,,,,,,,,,0,,0,,0,,0,,0,,0,,0,,0,,,,,
,,,,,,,,,,,,,,0,,0,,0,,0,,0,,0,,0,,0,,,,,
,,,,,,,,,,,,,,0,,0,,0,,0,,0,,0,,0,,0,,,,,
,,,,,,,,,,,,,,0,,0,,0,,0,,0,,0,,0,,0,,,,,
,,,,,,,,,,,,,,0,,0,,0,,0,,0,,0,,0,,0,,,,,
,,,,,,,,,,,,,,0,,0,,0,,0,,0,,0,,0,,0,,,,,
,,,,,,,,,,,,,,0,,0,,0,,0,,0,,0,,0,,0,,,,,
,,,,,,,,,,,,,,0,,0,,0,,0,,0,,0,,0,,0,,,,,
,,,,,,,,,,,,,,0,,0,,0,,0,,0,,0,,0,,0,,,,,
,,,,,,,,,,,,,,0,,0,,0,,0,,0,,0,,0,,0,,,,,
,,,,,,,,,,,,,,0,,0,,0,,0,,0,,0,,0,,0,,,,,
,,,,,,,,,,,,,,0,,0,,0,,0,,0,,0,,0,,0,,,,,
,,,,,,,,,,,,,,0,,0,,0,,0,,0,,0,,0,,0,,,,,
,,,,,,,,,,,,,,0,,0,,0,,0,,0,,0,,0,,0,,,,,
,,,,,,,,,,,,,,0,,0,,0,,0,,0,,0,,0,,0,,,,,
,,,,,,,,,,,,,,0,,0,,0,,0,,0,,0,,0,,0,,,,,
,,,,,,,,,,,,,,0,,0,,0,,0,,0,,0,,0,,0,,,,,
,,,,,,,,,,,,,,0,,0,,0,,0,,0,,0,,0,,0,,,,,
,,,,,,,,,,,,,,0,,0,,0,,0,,0,,0,,0,,0,,,,,
,,,,,,,,,,,,,,0,,0,,0,,0,,0,,0,,0,,0,,,,,
,,,,,,,,,,,,,,0,,0,,0,,0,,0,,0,,0,,0,,,,,
,,,,,,,,,,,,,,0,,0,,0,,0,,0,,0,,0,,0,,,,,
,,,,,,,,,,,,,,0,,0,,0,,0,,0,,0,,0,,0,,,,,
,,,,,,,,,,,,,,0,,0,,0,,0,,0,,0,,0,,0,,,,,
,,,,,,,,,,,,,,0,,0,,0,,0,,0,,0,,0,,0,,,,,
,,,,,,,,,,,,,,0,,0,,0,,0,,0,,0,,0,,0,,,,,
,,,,,,,,,,,,,,0,,0,,0,,0,,0,,0,,0,,0,,,,,
,,,,,,,,,,,,,,0,,0,,0,,0,,0,,0,,0,,0,,,,,
,,,,,,,,,,,,,,0,,0,,0,,0,,0,,0,,0,,0,,,,,
,,,,,,,,,,,,,,0,,0,,0,,0,,0,,0,,0,,0,,,,,
,,,,,,,,,,,,,,0,,0,,0,,0,,0,,0,,0,,0,,,,,
,,,,,,,,,,,,,,0,,0,,0,,0,,0,,0,,0,,0,,,,,
,,,,,,,,,,,,,,0,,0,,0,,0,,0,,0,,0,,0,,,,,
,,,,,,,,,,,,,,0,,0,,0,,0,,0,,0,,0,,0,,,,,
,,,,,,,,,,,,,,0,,0,,0,,0,,0,,0,,0,,0,,,,,
,,,,,,,,,,,,,,0,,0,,0,,0,,0,,0,,0,,0,,,,,
,,,,,,,,,,,,,,0,,0,,0,,0,,0,,0,,0,,0,,,,,
,,,,,,,,,,,,,,0,,0,,0,,0,,0,,0,,0,,0,,,,,
,,,,,,,,,,,,,,0,,0,,0,,0,,0,,0,,0,,0,,,,,
,,,,,,,,,,,,,,0,,0,,0,,0,,0,,0,,0,,0,,,,,
,,,,,,,,,,,,,,0,,0,,0,,0,,0,,0,,0,,0,,,,,
,,,,,,,,,,,,,,0,,0,,0,,0,,0,,0,,0,,0,,,,,
,,,,,,,,,,,,,,0,,0,,0,,0,,0,,0,,0,,0,,,,,
,,,,,,,,,,,,,,0,,0,,0,,0,,0,,0,,0,,0,,,,,
,,,,,,,,,,,,,,0,,0,,0,,0,,0,,0,,0,,0,,,,,
,,,,,,,,,,,,,,0,,0,,0,,0,,0,,0,,0,,0,,,,,
,,,,,,,,,,,,,,0,,0,,0,,0,,0,,0,,0,,0,,,,,
,,,,,,,,,,,,,,0,,0,,0,,0,,0,,0,,0,,0,,,,,
,,,,,,,,,,,,,,0,,0,,0,,0,,0,,0,,0,,0,,,,,
,,,,,,,,,,,,,,0,,0,,0,,0,,0,,0,,0,,0,,,,,
,,,,,,,,,,,,,,0,,0,,0,,0,,0,,0,,0,,0,,,,,
,,,,,,,,,,,,,,0,,0,,0,,0,,0,,0,,0,,0,,,,,
,,,,,,,,,,,,,,0,,0,,0,,0,,0,,0,,0,,0,,,,,
,,,,,,,,,,,,,,0,,0,,0,,0,,0,,0,,0,,0,,,,,
,,,,,,,,,,,,,,0,,0,,0,,0,,0,,0,,0,,0,,,,,
,,,,,,,,,,,,,,0,,0,,0,,0,,0,,0,,0,,0,,,,,
,,,,,,,,,,,,,,0,,0,,0,,0,,0,,0,,0,,0,,,,,
,,,,,,,,,,,,,,0,,0,,0,,0,,0,,0,,0,,0,,,,,
,,,,,,,,,,,,,,0,,0,,0,,0,,0,,0,,0,,0,,,,,
,,,,,,,,,,,,,,0,,0,,0,,0,,0,,0,,0,,0,,,,,
,,,,,,,,,,,,,,0,,0,,0,,0,,0,,0,,0,,0,,,,,
,,,,,,,,,,,,,,0,,0,,0,,0,,0,,0,,0,,0,,,,,
,,,,,,,,,,,,,,0,,0,,0,,0,,0,,0,,0,,0,,,,,
,,,,,,,,,,,,,,0,,0,,0,,0,,0,,0,,0,,0,,,,,
,,,,,,,,,,,,,,0,,0,,0,,0,,0,,0,,0,,0,,,,,
,,,,,,,,,,,,,,0,,0,,0,,0,,0,,0,,0,,0,,,,,
,,,,,,,,,,,,,,0,,0,,0,,0,,0,,0,,0,,0,,,,,
,,,,,,,,,,,,,,0,,0,,0,,0,,0,,0,,0,,0,,,,,
,,,,,,,,,,,,,,0,,0,,0,,0,,0,,0,,0,,0,,,,,
,,,,,,,,,,,,,,0,,0,,0,,0,,0,,0,,0,,0,,,,,
,,,,,,,,,,,,,,0,,0,,0,,0,,0,,0,,0,,0,,,,,
,,,,,,,,,,,,,,0,,0,,0,,0,,0,,0,,0,,0,,,,,
,,,,,,,,,,,,,,0,,0,,0,,0,,0,,0,,0,,0,,,,,
,,,,,,,,,,,,,,0,,0,,0,,0,,0,,0,,0,,0,,,,,
,,,,,,,,,,,,,,0,,0,,0,,0,,0,,0,,0,,0,,,,,
,,,,,,,,,,,,,,0,,0,,0,,0,,0,,0,,0,,0,,,,,
,,,,,,,,,,,,,,0,,0,,0,,0,,0,,0,,0,,0,,,,,
,,,,,,,,,,,,,,0,,0,,0,,0,,0,,0,,0,,0,,,,,
,,,,,,,,,,,,,,0,,0,,0,,0,,0,,0,,0,,0,,,,,
,,,,,,,,,,,,,,0,,0,,0,,0,,0,,0,,0,,0,,,,,
,,,,,,,,,,,,,,0,,0,,0,,0,,0,,0,,0,,0,,,,,
,,,,,,,,,,,,,,0,,0,,0,,0,,0,,0,,0,,0,,,,,
,,,,,,,,,,,,,,0,,0,,0,,0,,0,,0,,0,,0,,,,,
,,,,,,,,,,,,,,0,,0,,0,,0,,0,,0,,0,,0,,,,,
,,,,,,,,,,,,,,0,,0,,0,,0,,0,,0,,0,,0,,,,,
,,,,,,,,,,,,,,0,,0,,0,,0,,0,,0,,0,,0,,,,,
,,,,,,,,,,,,,,0,,0,,0,,0,,0,,0,,0,,0,,,,,
,,,,,,,,,,,,,,0,,0,,0,,0,,0,,0,,0,,0,,,,,
,,,,,,,,,,,,,,0,,0,,0,,0,,0,,0,,0,,0,,,,,
,,,,,,,,,,,,,,0,,0,,0,,0,,0,,0,,0,,0,,,,,
,,,,,,,,,,,,,,0,,0,,0,,0,,0,,0,,0,,0,,,,,
,,,,,,,,,,,,,,0,,0,,0,,0,,0,,0,,0,,0,,,,,
,,,,,,,,,,,,,,0,,0,,0,,0,,0,,0,,0,,0,,,,,
,,,,,,,,,,,,,,0,,0,,0,,0,,0,,0,,0,,0,,,,,
,,,,,,,,,,,,,,0,,0,,0,,0,,0,,0,,0,,0,,,,,
,,,,,,,,,,,,,,0,,0,,0,,0,,0,,0,,0,,0,,,,,
,,,,,,,,,,,,,,0,,0,,0,,0,,0,,0,,0,,0,,,,,
,,,,,,,,,,,,,,0,,0,,0,,0,,0,,0,,0,,0,,,,,
,,,,,,,,,,,,,,0,,0,,0,,0,,0,,0,,0,,0,,,,,
,,,,,,,,,,,,,,0,,0,,0,,0,,0,,0,,0,,0,,,,,
,,,,,,,,,,,,,,0,,0,,0,,0,,0,,0,,0,,0,,,,,
,,,,,,,,,,,,,,0,,0,,0,,0,,0,,0,,0,,0,,,,,
,,,,,,,,,,,,,,0,,0,,0,,0,,0,,0,,0,,0,,,,,
,,,,,,,,,,,,,,0,,0,,0,,0,,0,,0,,0,,0,,,,,
,,,,,,,,,,,,,,0,,0,,0,,0,,0,,0,,0,,0,,,,,
,,,,,,,,,,,,,,0,,0,,0,,0,,0,,0,,0,,0,,,,,
,,,,,,,,,,,,,,0,,0,,0,,0,,0,,0,,0,,0,,,,,
,,,,,,,,,,,,,,0,,0,,0,,0,,0,,0,,0,,0,,,,,
,,,,,,,,,,,,,,0,,0,,0,,0,,0,,0,,0,,0,,,,,
,,,,,,,,,,,,,,0,,0,,0,,0,,0,,0,,0,,0,,,,,
,,,,,,,,,,,,,,0,,0,,0,,0,,0,,0,,0,,0,,,,,
,,,,,,,,,,,,,,0,,0,,0,,0,,0,,0,,0,,0,,,,,
,,,,,,,,,,,,,,0,,0,,0,,0,,0,,0,,0,,0,,,,,
,,,,,,,,,,,,,,0,,0,,0,,0,,0,,0,,0,,0,,,,,
,,,,,,,,,,,,,,0,,0,,0,,0,,0,,0,,0,,0,,,,,
,,,,,,,,,,,,,,0,,0,,0,,0,,0,,0,,0,,0,,,,,
,,,,,,,,,,,,,,0,,0,,0,,0,,0,,0,,0,,0,,,,,
,,,,,,,,,,,,,,0,,0,,0,,0,,0,,0,,0,,0,,,,,
,,,,,,,,,,,,,,0,,0,,0,,0,,0,,0,,0,,0,,,,,
,,,,,,,,,,,,,,0,,0,,0,,0,,0,,0,,0,,0,,,,,
,,,,,,,,,,,,,,0,,0,,0,,0,,0,,0,,0,,0,,,,,
,,,,,,,,,,,,,,0,,0,,0,,0,,0,,0,,0,,0,,,,,
,,,,,,,,,,,,,,0,,0,,0,,0,,0,,0,,0,,0,,,,,
,,,,,,,,,,,,,,0,,0,,0,,0,,0,,0,,0,,0,,,,,
,,,,,,,,,,,,,,0,,0,,0,,0,,0,,0,,0,,0,,,,,
,,,,,,,,,,,,,,0,,0,,0,,0,,0,,0,,0,,0,,,,,
,,,,,,,,,,,,,,0,,0,,0,,0,,0,,0,,0,,0,,,,,
,,,,,,,,,,,,,,0,,0,,0,,0,,0,,0,,0,,0,,,,,
,,,,,,,,,,,,,,0,,0,,0,,0,,0,,0,,0,,0,,,,,
,,,,,,,,,,,,,,0,,0,,0,,0,,0,,0,,0,,0,,,,,
,,,,,,,,,,,,,,0,,0,,0,,0,,0,,0,,0,,0,,,,,
,,,,,,,,,,,,,,0,,0,,0,,0,,0,,0,,0,,0,,,,,
,,,,,,,,,,,,,,0,,0,,0,,0,,0,,0,,0,,0,,,,,
,,,,,,,,,,,,,,0,,0,,0,,0,,0,,0,,0,,0,,,,,
,,,,,,,,,,,,,,0,,0,,0,,0,,0,,0,,0,,0,,,,,
,,,,,,,,,,,,,,0,,0,,0,,0,,0,,0,,0,,0,,,,,
,,,,,,,,,,,,,,0,,0,,0,,0,,0,,0,,0,,0,,,,,
,,,,,,,,,,,,,,0,,0,,0,,0,,0,,0,,0,,0,,,,,
,,,,,,,,,,,,,,0,,0,,0,,0,,0,,0,,0,,0,,,,,
,,,,,,,,,,,,,,0,,0,,0,,0,,0,,0,,0,,0,,,,,
,,,,,,,,,,,,,,0,,0,,0,,0,,0,,0,,0,,0,,,,,
,,,,,,,,,,,,,,0,,0,,0,,0,,0,,0,,0,,0,,,,,
,,,,,,,,,,,,,,0,,0,,0,,0,,0,,0,,0,,0,,,,,
,,,,,,,,,,,,,,0,,0,,0,,0,,0,,0,,0,,0,,,,,
,,,,,,,,,,,,,,0,,0,,0,,0,,0,,0,,0,,0,,,,,
,,,,,,,,,,,,,,0,,0,,0,,0,,0,,0,,0,,0,,,,,
,,,,,,,,,,,,,,0,,0,,0,,0,,0,,0,,0,,0,,,,,
,,,,,,,,,,,,,,0,,0,,0,,0,,0,,0,,0,,0,,,,,
,,,,,,,,,,,,,,0,,0,,0,,0,,0,,0,,0,,0,,,,,
,,,,,,,,,,,,,,0,,0,,0,,0,,0,,0,,0,,0,,,,,
,,,,,,,,,,,,,,0,,0,,0,,0,,0,,0,,0,,0,,,,,
,,,,,,,,,,,,,,0,,0,,0,,0,,0,,0,,0,,0,,,,,
,,,,,,,,,,,,,,0,,0,,0,,0,,0,,0,,0,,0,,,,,
,,,,,,,,,,,,,,0,,0,,0,,0,,0,,0,,0,,0,,,,,
,,,,,,,,,,,,,,0,,0,,0,,0,,0,,0,,0,,0,,,,,
,,,,,,,,,,,,,,0,,0,,0,,0,,0,,0,,0,,0,,,,,
,,,,,,,,,,,,,,0,,0,,0,,0,,0,,0,,0,,0,,,,,
,,,,,,,,,,,,,,0,,0,,0,,0,,0,,0,,0,,0,,,,,
,,,,,,,,,,,,,,0,,0,,0,,0,,0,,0,,0,,0,,,,,
,,,,,,,,,,,,,,0,,0,,0,,0,,0,,0,,0,,0,,,,,
,,,,,,,,,,,,,,0,,0,,0,,0,,0,,0,,0,,0,,,,,
,,,,,,,,,,,,,,0,,0,,0,,0,,0,,0,,0,,0,,,,,
,,,,,,,,,,,,,,0,,0,,0,,0,,0,,0,,0,,0,,,,,
,,,,,,,,,,,,,,0,,0,,0,,0,,0,,0,,0,,0,,,,,
,,,,,,,,,,,,,,0,,0,,0,,0,,0,,0,,0,,0,,,,,
,,,,,,,,,,,,,,0,,0,,0,,0,,0,,0,,0,,0,,,,,
,,,,,,,,,,,,,,0,,0,,0,,0,,0,,0,,0,,0,,,,,
,,,,,,,,,,,,,,0,,0,,0,,0,,0,,0,,0,,0,,,,,
,,,,,,,,,,,,,,0,,0,,0,,0,,0,,0,,0,,0,,,,,
,,,,,,,,,,,,,,0,,0,,0,,0,,0,,0,,0,,0,,,,,
,,,,,,,,,,,,,,0,,0,,0,,0,,0,,0,,0,,0,,,,,
,,,,,,,,,,,,,,0,,0,,0,,0,,0,,0,,0,,0,,,,,
,,,,,,,,,,,,,,0,,0,,0,,0,,0,,0,,0,,0,,,,,
,,,,,,,,,,,,,,0,,0,,0,,0,,0,,0,,0,,0,,,,,
,,,,,,,,,,,,,,0,,0,,0,,0,,0,,0,,0,,0,,,,,
,,,,,,,,,,,,,,0,,0,,0,,0,,0,,0,,0,,0,,,,,
,,,,,,,,,,,,,,0,,0,,0,,0,,0,,0,,0,,0,,,,,
,,,,,,,,,,,,,,0,,0,,0,,0,,0,,0,,0,,0,,,,,
,,,,,,,,,,,,,,0,,0,,0,,0,,0,,0,,0,,0,,,,,
,,,,,,,,,,,,,,0,,0,,0,,0,,0,,0,,0,,0,,,,,
,,,,,,,,,,,,,,0,,0,,0,,0,,0,,0,,0,,0,,,,,
,,,,,,,,,,,,,,0,,0,,0,,0,,0,,0,,0,,0,,,,,
,,,,,,,,,,,,,,0,,0,,0,,0,,0,,0,,0,,0,,,,,
,,,,,,,,,,,,,,0,,0,,0,,0,,0,,0,,0,,0,,,,,
,,,,,,,,,,,,,,0,,0,,0,,0,,0,,0,,0,,0,,,,,
,,,,,,,,,,,,,,0,,0,,0,,0,,0,,0,,0,,0,,,,,
,,,,,,,,,,,,,,0,,0,,0,,0,,0,,0,,0,,0,,,,,
,,,,,,,,,,,,,,0,,0,,0,,0,,0,,0,,0,,0,,,,,
,,,,,,,,,,,,,,0,,0,,0,,0,,0,,0,,0,,0,,,,,
,,,,,,,,,,,,,,0,,0,,0,,0,,0,,0,,0,,0,,,,,
,,,,,,,,,,,,,,0,,0,,0,,0,,0,,0,,0,,0,,,,,
,,,,,,,,,,,,,,0,,0,,0,,0,,0,,0,,0,,0,,,,,
,,,,,,,,,,,,,,0,,0,,0,,0,,0,,0,,0,,0,,,,,
,,,,,,,,,,,,,,0,,0,,0,,0,,0,,0,,0,,0,,,,,
,,,,,,,,,,,,,,0,,0,,0,,0,,0,,0,,0,,0,,,,,
,,,,,,,,,,,,,,0,,0,,0,,0,,0,,0,,0,,0,,,,,
,,,,,,,,,,,,,,0,,0,,0,,0,,0,,0,,0,,0,,,,,
,,,,,,,,,,,,,,0,,0,,0,,0,,0,,0,,0,,0,,,,,
,,,,,,,,,,,,,,0,,0,,0,,0,,0,,0,,0,,0,,,,,
,,,,,,,,,,,,,,0,,0,,0,,0,,0,,0,,0,,0,,,,,
,,,,,,,,,,,,,,0,,0,,0,,0,,0,,0,,0,,0,,,,,
,,,,,,,,,,,,,,0,,0,,0,,0,,0,,0,,0,,0,,,,,
,,,,,,,,,,,,,,0,,0,,0,,0,,0,,0,,0,,0,,,,,
,,,,,,,,,,,,,,0,,0,,0,,0,,0,,0,,0,,0,,,,,
,,,,,,,,,,,,,,0,,0,,0,,0,,0,,0,,0,,0,,,,,
,,,,,,,,,,,,,,0,,0,,0,,0,,0,,0,,0,,0,,,,,
,,,,,,,,,,,,,,0,,0,,0,,0,,0,,0,,0,,0,,,,,
,,,,,,,,,,,,,,0,,0,,0,,0,,0,,0,,0,,0,,,,,
,,,,,,,,,,,,,,0,,0,,0,,0,,0,,0,,0,,0,,,,,
,,,,,,,,,,,,,,0,,0,,0,,0,,0,,0,,0,,0,,,,,
,,,,,,,,,,,,,,0,,0,,0,,0,,0,,0,,0,,0,,,,,
,,,,,,,,,,,,,,0,,0,,0,,0,,0,,0,,0,,0,,,,,
,,,,,,,,,,,,,,0,,0,,0,,0,,0,,0,,0,,0,,,,,
,,,,,,,,,,,,,,0,,0,,0,,0,,0,,0,,0,,0,,,,,
,,,,,,,,,,,,,,0,,0,,0,,0,,0,,0,,0,,0,,,,,
,,,,,,,,,,,,,,0,,0,,0,,0,,0,,0,,0,,0,,,,,
,,,,,,,,,,,,,,0,,0,,0,,0,,0,,0,,0,,0,,,,,
,,,,,,,,,,,,,,0,,0,,0,,0,,0,,0,,0,,0,,,,,
,,,,,,,,,,,,,,0,,0,,0,,0,,0,,0,,0,,0,,,,,
,,,,,,,,,,,,,,0,,0,,0,,0,,0,,0,,0,,0,,,,,
,,,,,,,,,,,,,,0,,0,,0,,0,,0,,0,,0,,0,,,,,
,,,,,,,,,,,,,,0,,0,,0,,0,,0,,0,,0,,0,,,,,
,,,,,,,,,,,,,,0,,0,,0,,0,,0,,0,,0,,0,,,,,
,,,,,,,,,,,,,,0,,0,,0,,0,,0,,0,,0,,0,,,,,
,,,,,,,,,,,,,,0,,0,,0,,0,,0,,0,,0,,0,,,,,
,,,,,,,,,,,,,,0,,0,,0,,0,,0,,0,,0,,0,,,,,
,,,,,,,,,,,,,,0,,0,,0,,0,,0,,0,,0,,0,,,,,
,,,,,,,,,,,,,,0,,0,,0,,0,,0,,0,,0,,0,,,,,
,,,,,,,,,,,,,,0,,0,,0,,0,,0,,0,,0,,0,,,,,
,,,,,,,,,,,,,,0,,0,,0,,0,,0,,0,,0,,0,,,,,
,,,,,,,,,,,,,,0,,0,,0,,0,,0,,0,,0,,0,,,,,
,,,,,,,,,,,,,,0,,0,,0,,0,,0,,0,,0,,0,,,,,
,,,,,,,,,,,,,,0,,0,,0,,0,,0,,0,,0,,0,,,,,
,,,,,,,,,,,,,,0,,0,,0,,0,,0,,0,,0,,0,,,,,
,,,,,,,,,,,,,,0,,0,,0,,0,,0,,0,,0,,0,,,,,
,,,,,,,,,,,,,,0,,0,,0,,0,,0,,0,,0,,0,,,,,
,,,,,,,,,,,,,,0,,0,,0,,0,,0,,0,,0,,0,,,,,
,,,,,,,,,,,,,,0,,0,,0,,0,,0,,0,,0,,0,,,,,
,,,,,,,,,,,,,,0,,0,,0,,0,,0,,0,,0,,0,,,,,
,,,,,,,,,,,,,,0,,0,,0,,0,,0,,0,,0,,0,,,,,
,,,,,,,,,,,,,,0,,0,,0,,0,,0,,0,,0,,0,,,,,
,,,,,,,,,,,,,,0,,0,,0,,0,,0,,0,,0,,0,,,,,
,,,,,,,,,,,,,,0,,0,,0,,0,,0,,0,,0,,0,,,,,
,,,,,,,,,,,,,,0,,0,,0,,0,,0,,0,,0,,0,,,,,
,,,,,,,,,,,,,,0,,0,,0,,0,,0,,0,,0,,0,,,,,
,,,,,,,,,,,,,,0,,0,,0,,0,,0,,0,,0,,0,,,,,
,,,,,,,,,,,,,,0,,0,,0,,0,,0,,0,,0,,0,,,,,
,,,,,,,,,,,,,,0,,0,,0,,0,,0,,0,,0,,0,,,,,
,,,,,,,,,,,,,,0,,0,,0,,0,,0,,0,,0,,0,,,,,
,,,,,,,,,,,,,,0,,0,,0,,0,,0,,0,,0,,0,,,,,
,,,,,,,,,,,,,,0,,0,,0,,0,,0,,0,,0,,0,,,,,
,,,,,,,,,,,,,,0,,0,,0,,0,,0,,0,,0,,0,,,,,
,,,,,,,,,,,,,,0,,0,,0,,0,,0,,0,,0,,0,,,,,
,,,,,,,,,,,,,,0,,0,,0,,0,,0,,0,,0,,0,,,,,
,,,,,,,,,,,,,,0,,0,,0,,0,,0,,0,,0,,0,,,,,
,,,,,,,,,,,,,,0,,0,,0,,0,,0,,0,,0,,0,,,,,
,,,,,,,,,,,,,,0,,0,,0,,0,,0,,0,,0,,0,,,,,
,,,,,,,,,,,,,,0,,0,,0,,0,,0,,0,,0,,0,,,,,
,,,,,,,,,,,,,,0,,0,,0,,0,,0,,0,,0,,0,,,,,
,,,,,,,,,,,,,,0,,0,,0,,0,,0,,0,,0,,0,,,,,
,,,,,,,,,,,,,,0,,0,,0,,0,,0,,0,,0,,0,,,,,
,,,,,,,,,,,,,,0,,0,,0,,0,,0,,0,,0,,0,,,,,
,,,,,,,,,,,,,,0,,0,,0,,0,,0,,0,,0,,0,,,,,
,,,,,,,,,,,,,,0,,0,,0,,0,,0,,0,,0,,0,,,,,
,,,,,,,,,,,,,,0,,0,,0,,0,,0,,0,,0,,0,,,,,
,,,,,,,,,,,,,,0,,0,,0,,0,,0,,0,,0,,0,,,,,
,,,,,,,,,,,,,,0,,0,,0,,0,,0,,0,,0,,0,,,,,
,,,,,,,,,,,,,,0,,0,,0,,0,,0,,0,,0,,0,,,,,
,,,,,,,,,,,,,,0,,0,,0,,0,,0,,0,,0,,0,,,,,
,,,,,,,,,,,,,,0,,0,,0,,0,,0,,0,,0,,0,,,,,
,,,,,,,,,,,,,,0,,0,,0,,0,,0,,0,,0,,0,,,,,
,,,,,,,,,,,,,,0,,0,,0,,0,,0,,0,,0,,0,,,,,
,,,,,,,,,,,,,,0,,0,,0,,0,,0,,0,,0,,0,,,,,
,,,,,,,,,,,,,,0,,0,,0,,0,,0,,0,,0,,0,,,,,
,,,,,,,,,,,,,,0,,0,,0,,0,,0,,0,,0,,0,,,,,
,,,,,,,,,,,,,,0,,0,,0,,0,,0,,0,,0,,0,,,,,
,,,,,,,,,,,,,,0,,0,,0,,0,,0,,0,,0,,0,,,,,
,,,,,,,,,,,,,,0,,0,,0,,0,,0,,0,,0,,0,,,,,
,,,,,,,,,,,,,,0,,0,,0,,0,,0,,0,,0,,0,,,,,
,,,,,,,,,,,,,,0,,0,,0,,0,,0,,0,,0,,0,,,,,
,,,,,,,,,,,,,,0,,0,,0,,0,,0,,0,,0,,0,,,,,
,,,,,,,,,,,,,,0,,0,,0,,0,,0,,0,,0,,0,,,,,
,,,,,,,,,,,,,,0,,0,,0,,0,,0,,0,,0,,0,,,,,
,,,,,,,,,,,,,,0,,0,,0,,0,,0,,0,,0,,0,,,,,
,,,,,,,,,,,,,,0,,0,,0,,0,,0,,0,,0,,0,,,,,
,,,,,,,,,,,,,,0,,0,,0,,0,,0,,0,,0,,0,,,,,
,,,,,,,,,,,,,,0,,0,,0,,0,,0,,0,,0,,0,,,,,
,,,,,,,,,,,,,,0,,0,,0,,0,,0,,0,,0,,0,,,,,
,,,,,,,,,,,,,,0,,0,,0,,0,,0,,0,,0,,0,,,,,
,,,,,,,,,,,,,,0,,0,,0,,0,,0,,0,,0,,0,,,,,
,,,,,,,,,,,,,,0,,0,,0,,0,,0,,0,,0,,0,,,,,
,,,,,,,,,,,,,,0,,0,,0,,0,,0,,0,,0,,0,,,,,
,,,,,,,,,,,,,,0,,0,,0,,0,,0,,0,,0,,0,,,,,
,,,,,,,,,,,,,,0,,0,,0,,0,,0,,0,,0,,0,,,,,
,,,,,,,,,,,,,,0,,0,,0,,0,,0,,0,,0,,0,,,,,
,,,,,,,,,,,,,,0,,0,,0,,0,,0,,0,,0,,0,,,,,
,,,,,,,,,,,,,,0,,0,,0,,0,,0,,0,,0,,0,,,,,
,,,,,,,,,,,,,,0,,0,,0,,0,,0,,0,,0,,0,,,,,
,,,,,,,,,,,,,,0,,0,,0,,0,,0,,0,,0,,0,,,,,
,,,,,,,,,,,,,,0,,0,,0,,0,,0,,0,,0,,0,,,,,
,,,,,,,,,,,,,,0,,0,,0,,0,,0,,0,,0,,0,,,,,
,,,,,,,,,,,,,,0,,0,,0,,0,,0,,0,,0,,0,,,,,
,,,,,,,,,,,,,,0,,0,,0,,0,,0,,0,,0,,0,,,,,
,,,,,,,,,,,,,,0,,0,,0,,0,,0,,0,,0,,0,,,,,
,,,,,,,,,,,,,,0,,0,,0,,0,,0,,0,,0,,0,,,,,
,,,,,,,,,,,,,,0,,0,,0,,0,,0,,0,,0,,0,,,,,
,,,,,,,,,,,,,,0,,0,,0,,0,,0,,0,,0,,0,,,,,
,,,,,,,,,,,,,,0,,0,,0,,0,,0,,0,,0,,0,,,,,
,,,,,,,,,,,,,,0,,0,,0,,0,,0,,0,,0,,0,,,,,
,,,,,,,,,,,,,,0,,0,,0,,0,,0,,0,,0,,0,,,,,
,,,,,,,,,,,,,,0,,0,,0,,0,,0,,0,,0,,0,,,,,
,,,,,,,,,,,,,,0,,0,,0,,0,,0,,0,,0,,0,,,,,
,,,,,,,,,,,,,,0,,0,,0,,0,,0,,0,,0,,0,,,,,
,,,,,,,,,,,,,,0,,0,,0,,0,,0,,0,,0,,0,,,,,
,,,,,,,,,,,,,,0,,0,,0,,0,,0,,0,,0,,0,,,,,
,,,,,,,,,,,,,,0,,0,,0,,0,,0,,0,,0,,0,,,,,
,,,,,,,,,,,,,,0,,0,,0,,0,,0,,0,,0,,0,,,,,
,,,,,,,,,,,,,,0,,0,,0,,0,,0,,0,,0,,0,,,,,
,,,,,,,,,,,,,,0,,0,,0,,0,,0,,0,,0,,0,,,,,
,,,,,,,,,,,,,,0,,0,,0,,0,,0,,0,,0,,0,,,,,
,,,,,,,,,,,,,,0,,0,,0,,0,,0,,0,,0,,0,,,,,
,,,,,,,,,,,,,,0,,0,,0,,0,,0,,0,,0,,0,,,,,
,,,,,,,,,,,,,,0,,0,,0,,0,,0,,0,,0,,0,,,,,
,,,,,,,,,,,,,,0,,0,,0,,0,,0,,0,,0,,0,,,,,
,,,,,,,,,,,,,,0,,0,,0,,0,,0,,0,,0,,0,,,,,
,,,,,,,,,,,,,,0,,0,,0,,0,,0,,0,,0,,0,,,,,
,,,,,,,,,,,,,,0,,0,,0,,0,,0,,0,,0,,0,,,,,
,,,,,,,,,,,,,,0,,0,,0,,0,,0,,0,,0,,0,,,,,
,,,,,,,,,,,,,,0,,0,,0,,0,,0,,0,,0,,0,,,,,
,,,,,,,,,,,,,,0,,0,,0,,0,,0,,0,,0,,0,,,,,
,,,,,,,,,,,,,,0,,0,,0,,0,,0,,0,,0,,0,,,,,
,,,,,,,,,,,,,,0,,0,,0,,0,,0,,0,,0,,0,,,,,
,,,,,,,,,,,,,,0,,0,,0,,0,,0,,0,,0,,0,,,,,
,,,,,,,,,,,,,,0,,0,,0,,0,,0,,0,,0,,0,,,,,
,,,,,,,,,,,,,,0,,0,,0,,0,,0,,0,,0,,0,,,,,
,,,,,,,,,,,,,,0,,0,,0,,0,,0,,0,,0,,0,,,,,
,,,,,,,,,,,,,,0,,0,,0,,0,,0,,0,,0,,0,,,,,
,,,,,,,,,,,,,,0,,0,,0,,0,,0,,0,,0,,0,,,,,
,,,,,,,,,,,,,,0,,0,,0,,0,,0,,0,,0,,0,,,,,
,,,,,,,,,,,,,,0,,0,,0,,0,,0,,0,,0,,0,,,,,
,,,,,,,,,,,,,,0,,0,,0,,0,,0,,0,,0,,0,,,,,
,,,,,,,,,,,,,,0,,0,,0,,0,,0,,0,,0,,0,,,,,
,,,,,,,,,,,,,,0,,0,,0,,0,,0,,0,,0,,0,,,,,
,,,,,,,,,,,,,,0,,0,,0,,0,,0,,0,,0,,0,,,,,
,,,,,,,,,,,,,,0,,0,,0,,0,,0,,0,,0,,0,,,,,
,,,,,,,,,,,,,,0,,0,,0,,0,,0,,0,,0,,0,,,,,
,,,,,,,,,,,,,,0,,0,,0,,0,,0,,0,,0,,0,,,,,
,,,,,,,,,,,,,,0,,0,,0,,0,,0,,0,,0,,0,,,,,
,,,,,,,,,,,,,,0,,0,,0,,0,,0,,0,,0,,0,,,,,
,,,,,,,,,,,,,,0,,0,,0,,0,,0,,0,,0,,0,,,,,
,,,,,,,,,,,,,,0,,0,,0,,0,,0,,0,,0,,0,,,,,
,,,,,,,,,,,,,,0,,0,,0,,0,,0,,0,,0,,0,,,,,
,,,,,,,,,,,,,,0,,0,,0,,0,,0,,0,,0,,0,,,,,
,,,,,,,,,,,,,,0,,0,,0,,0,,0,,0,,0,,0,,,,,
,,,,,,,,,,,,,,0,,0,,0,,0,,0,,0,,0,,0,,,,,
,,,,,,,,,,,,,,0,,0,,0,,0,,0,,0,,0,,0,,,,,
,,,,,,,,,,,,,,0,,0,,0,,0,,0,,0,,0,,0,,,,,
,,,,,,,,,,,,,,0,,0,,0,,0,,0,,0,,0,,0,,,,,
,,,,,,,,,,,,,,0,,0,,0,,0,,0,,0,,0,,0,,,,,
,,,,,,,,,,,,,,0,,0,,0,,0,,0,,0,,0,,0,,,,,
,,,,,,,,,,,,,,0,,0,,0,,0,,0,,0,,0,,0,,,,,
,,,,,,,,,,,,,,0,,0,,0,,0,,0,,0,,0,,0,,,,,
,,,,,,,,,,,,,,0,,0,,0,,0,,0,,0,,0,,0,,,,,
,,,,,,,,,,,,,,0,,0,,0,,0,,0,,0,,0,,0,,,,,
,,,,,,,,,,,,,,0,,0,,0,,0,,0,,0,,0,,0,,,,,
,,,,,,,,,,,,,,0,,0,,0,,0,,0,,0,,0,,0,,,,,
,,,,,,,,,,,,,,0,,0,,0,,0,,0,,0,,0,,0,,,,,
,,,,,,,,,,,,,,0,,0,,0,,0,,0,,0,,0,,0,,,,,
,,,,,,,,,,,,,,0,,0,,0,,0,,0,,0,,0,,0,,,,,
,,,,,,,,,,,,,,0,,0,,0,,0,,0,,0,,0,,0,,,,,
,,,,,,,,,,,,,,0,,0,,0,,0,,0,,0,,0,,0,,,,,
,,,,,,,,,,,,,,0,,0,,0,,0,,0,,0,,0,,0,,,,,
,,,,,,,,,,,,,,0,,0,,0,,0,,0,,0,,0,,0,,,,,
,,,,,,,,,,,,,,0,,0,,0,,0,,0,,0,,0,,0,,,,,
,,,,,,,,,,,,,,0,,0,,0,,0,,0,,0,,0,,0,,,,,
,,,,,,,,,,,,,,0,,0,,0,,0,,0,,0,,0,,0,,,,,
,,,,,,,,,,,,,,0,,0,,0,,0,,0,,0,,0,,0,,,,,
,,,,,,,,,,,,,,0,,0,,0,,0,,0,,0,,0,,0,,,,,
,,,,,,,,,,,,,,0,,0,,0,,0,,0,,0,,0,,0,,,,,
,,,,,,,,,,,,,,0,,0,,0,,0,,0,,0,,0,,0,,,,,
,,,,,,,,,,,,,,0,,0,,0,,0,,0,,0,,0,,0,,,,,
,,,,,,,,,,,,,,0,,0,,0,,0,,0,,0,,0,,0,,,,,
,,,,,,,,,,,,,,0,,0,,0,,0,,0,,0,,0,,0,,,,,
,,,,,,,,,,,,,,0,,0,,0,,0,,0,,0,,0,,0,,,,,
,,,,,,,,,,,,,,0,,0,,0,,0,,0,,0,,0,,0,,,,,
,,,,,,,,,,,,,,0,,0,,0,,0,,0,,0,,0,,0,,,,,
,,,,,,,,,,,,,,0,,0,,0,,0,,0,,0,,0,,0,,,,,
,,,,,,,,,,,,,,0,,0,,0,,0,,0,,0,,0,,0,,,,,
,,,,,,,,,,,,,,0,,0,,0,,0,,0,,0,,0,,0,,,,,
,,,,,,,,,,,,,,0,,0,,0,,0,,0,,0,,0,,0,,,,,
,,,,,,,,,,,,,,0,,0,,0,,0,,0,,0,,0,,0,,,,,
,,,,,,,,,,,,,,0,,0,,0,,0,,0,,0,,0,,0,,,,,
,,,,,,,,,,,,,,0,,0,,0,,0,,0,,0,,0,,0,,,,,
,,,,,,,,,,,,,,0,,0,,0,,0,,0,,0,,0,,0,,,,,
,,,,,,,,,,,,,,0,,0,,0,,0,,0,,0,,0,,0,,,,,
,,,,,,,,,,,,,,0,,0,,0,,0,,0,,0,,0,,0,,,,,
,,,,,,,,,,,,,,0,,0,,0,,0,,0,,0,,0,,0,,,,,
,,,,,,,,,,,,,,0,,0,,0,,0,,0,,0,,0,,0,,,,,
,,,,,,,,,,,,,,0,,0,,0,,0,,0,,0,,0,,0,,,,,
,,,,,,,,,,,,,,0,,0,,0,,0,,0,,0,,0,,0,,,,,
,,,,,,,,,,,,,,0,,0,,0,,0,,0,,0,,0,,0,,,,,
,,,,,,,,,,,,,,0,,0,,0,,0,,0,,0,,0,,0,,,,,
,,,,,,,,,,,,,,0,,0,,0,,0,,0,,0,,0,,0,,,,,
,,,,,,,,,,,,,,0,,0,,0,,0,,0,,0,,0,,0,,,,,
,,,,,,,,,,,,,,0,,0,,0,,0,,0,,0,,0,,0,,,,,
,,,,,,,,,,,,,,0,,0,,0,,0,,0,,0,,0,,0,,,,,
,,,,,,,,,,,,,,0,,0,,0,,0,,0,,0,,0,,0,,,,,
,,,,,,,,,,,,,,0,,0,,0,,0,,0,,0,,0,,0,,,,,
,,,,,,,,,,,,,,0,,0,,0,,0,,0,,0,,0,,0,,,,,
,,,,,,,,,,,,,,0,,0,,0,,0,,0,,0,,0,,0,,,,,
,,,,,,,,,,,,,,0,,0,,0,,0,,0,,0,,0,,0,,,,,
,,,,,,,,,,,,,,0,,0,,0,,0,,0,,0,,0,,0,,,,,
,,,,,,,,,,,,,,0,,0,,0,,0,,0,,0,,0,,0,,,,,
,,,,,,,,,,,,,,0,,0,,0,,0,,0,,0,,0,,0,,,,,
,,,,,,,,,,,,,,0,,0,,0,,0,,0,,0,,0,,0,,,,,
,,,,,,,,,,,,,,0,,0,,0,,0,,0,,0,,0,,0,,,,,
,,,,,,,,,,,,,,0,,0,,0,,0,,0,,0,,0,,0,,,,,
,,,,,,,,,,,,,,0,,0,,0,,0,,0,,0,,0,,0,,,,,
,,,,,,,,,,,,,,0,,0,,0,,0,,0,,0,,0,,0,,,,,
,,,,,,,,,,,,,,0,,0,,0,,0,,0,,0,,0,,0,,,,,
,,,,,,,,,,,,,,0,,0,,0,,0,,0,,0,,0,,0,,,,,
,,,,,,,,,,,,,,0,,0,,0,,0,,0,,0,,0,,0,,,,,
,,,,,,,,,,,,,,0,,0,,0,,0,,0,,0,,0,,0,,,,,
,,,,,,,,,,,,,,0,,0,,0,,0,,0,,0,,0,,0,,,,,
,,,,,,,,,,,,,,0,,0,,0,,0,,0,,0,,0,,0,,,,,
,,,,,,,,,,,,,,0,,0,,0,,0,,0,,0,,0,,0,,,,,
,,,,,,,,,,,,,,0,,0,,0,,0,,0,,0,,0,,0,,,,,
,,,,,,,,,,,,,,0,,0,,0,,0,,0,,0,,0,,0,,,,,
,,,,,,,,,,,,,,0,,0,,0,,0,,0,,0,,0,,0,,,,,
,,,,,,,,,,,,,,0,,0,,0,,0,,0,,0,,0,,0,,,,,
,,,,,,,,,,,,,,0,,0,,0,,0,,0,,0,,0,,0,,,,,
,,,,,,,,,,,,,,0,,0,,0,,0,,0,,0,,0,,0,,,,,
,,,,,,,,,,,,,,0,,0,,0,,0,,0,,0,,0,,0,,,,,
,,,,,,,,,,,,,,0,,0,,0,,0,,0,,0,,0,,0,,,,,
,,,,,,,,,,,,,,0,,0,,0,,0,,0,,0,,0,,0,,,,,
,,,,,,,,,,,,,,0,,0,,0,,0,,0,,0,,0,,0,,,,,
,,,,,,,,,,,,,,0,,0,,0,,0,,0,,0,,0,,0,,,,,
,,,,,,,,,,,,,,0,,0,,0,,0,,0,,0,,0,,0,,,,,
,,,,,,,,,,,,,,0,,0,,0,,0,,0,,0,,0,,0,,,,,
,,,,,,,,,,,,,,0,,0,,0,,0,,0,,0,,0,,0,,,,,
,,,,,,,,,,,,,,0,,0,,0,,0,,0,,0,,0,,0,,,,,
,,,,,,,,,,,,,,0,,0,,0,,0,,0,,0,,0,,0,,,,,
,,,,,,,,,,,,,,0,,0,,0,,0,,0,,0,,0,,0,,,,,
,,,,,,,,,,,,,,0,,0,,0,,0,,0,,0,,0,,0,,,,,
,,,,,,,,,,,,,,0,,0,,0,,0,,0,,0,,0,,0,,,,,
,,,,,,,,,,,,,,0,,0,,0,,0,,0,,0,,0,,0,,,,,
,,,,,,,,,,,,,,0,,0,,0,,0,,0,,0,,0,,0,,,,,
,,,,,,,,,,,,,,0,,0,,0,,0,,0,,0,,0,,0,,,,,
,,,,,,,,,,,,,,0,,0,,0,,0,,0,,0,,0,,0,,,,,
,,,,,,,,,,,,,,0,,0,,0,,0,,0,,0,,0,,0,,,,,
,,,,,,,,,,,,,,0,,0,,0,,0,,0,,0,,0,,0,,,,,
,,,,,,,,,,,,,,0,,0,,0,,0,,0,,0,,0,,0,,,,,
,,,,,,,,,,,,,,0,,0,,0,,0,,0,,0,,0,,0,,,,,
,,,,,,,,,,,,,,0,,0,,0,,0,,0,,0,,0,,0,,,,,
,,,,,,,,,,,,,,0,,0,,0,,0,,0,,0,,0,,0,,,,,
,,,,,,,,,,,,,,0,,0,,0,,0,,0,,0,,0,,0,,,,,
,,,,,,,,,,,,,,0,,0,,0,,0,,0,,0,,0,,0,,,,,
,,,,,,,,,,,,,,0,,0,,0,,0,,0,,0,,0,,0,,,,,
,,,,,,,,,,,,,,0,,0,,0,,0,,0,,0,,0,,0,,,,,
,,,,,,,,,,,,,,0,,0,,0,,0,,0,,0,,0,,0,,,,,
,,,,,,,,,,,,,,0,,0,,0,,0,,0,,0,,0,,0,,,,,
,,,,,,,,,,,,,,0,,0,,0,,0,,0,,0,,0,,0,,,,,
,,,,,,,,,,,,,,0,,0,,0,,0,,0,,0,,0,,0,,,,,
,,,,,,,,,,,,,,0,,0,,0,,0,,0,,0,,0,,0,,,,,
,,,,,,,,,,,,,,0,,0,,0,,0,,0,,0,,0,,0,,,,,
,,,,,,,,,,,,,,0,,0,,0,,0,,0,,0,,0,,0,,,,,
,,,,,,,,,,,,,,0,,0,,0,,0,,0,,0,,0,,0,,,,,
,,,,,,,,,,,,,,0,,0,,0,,0,,0,,0,,0,,0,,,,,
,,,,,,,,,,,,,,0,,0,,0,,0,,0,,0,,0,,0,,,,,
,,,,,,,,,,,,,,0,,0,,0,,0,,0,,0,,0,,0,,,,,
,,,,,,,,,,,,,,0,,0,,0,,0,,0,,0,,0,,0,,,,,
,,,,,,,,,,,,,,0,,0,,0,,0,,0,,0,,0,,0,,,,,
,,,,,,,,,,,,,,0,,0,,0,,0,,0,,0,,0,,0,,,,,
,,,,,,,,,,,,,,0,,0,,0,,0,,0,,0,,0,,0,,,,,
,,,,,,,,,,,,,,0,,0,,0,,0,,0,,0,,0,,0,,,,,
,,,,,,,,,,,,,,0,,0,,0,,0,,0,,0,,0,,0,,,,,
,,,,,,,,,,,,,,0,,0,,0,,0,,0,,0,,0,,0,,,,,
,,,,,,,,,,,,,,0,,0,,0,,0,,0,,0,,0,,0,,,,,
,,,,,,,,,,,,,,0,,0,,0,,0,,0,,0,,0,,0,,,,,
,,,,,,,,,,,,,,0,,0,,0,,0,,0,,0,,0,,0,,,,,
,,,,,,,,,,,,,,0,,0,,0,,0,,0,,0,,0,,0,,,,,
,,,,,,,,,,,,,,0,,0,,0,,0,,0,,0,,0,,0,,,,,
,,,,,,,,,,,,,,0,,0,,0,,0,,0,,0,,0,,0,,,,,
,,,,,,,,,,,,,,0,,0,,0,,0,,0,,0,,0,,0,,,,,
,,,,,,,,,,,,,,0,,0,,0,,0,,0,,0,,0,,0,,,,,
,,,,,,,,,,,,,,0,,0,,0,,0,,0,,0,,0,,0,,,,,
,,,,,,,,,,,,,,0,,0,,0,,0,,0,,0,,0,,0,,,,,
,,,,,,,,,,,,,,0,,0,,0,,0,,0,,0,,0,,0,,,,,
,,,,,,,,,,,,,,0,,0,,0,,0,,0,,0,,0,,0,,,,,
,,,,,,,,,,,,,,0,,0,,0,,0,,0,,0,,0,,0,,,,,
,,,,,,,,,,,,,,0,,0,,0,,0,,0,,0,,0,,0,,,,,
,,,,,,,,,,,,,,0,,0,,0,,0,,0,,0,,0,,0,,,,,
,,,,,,,,,,,,,,0,,0,,0,,0,,0,,0,,0,,0,,,,,
,,,,,,,,,,,,,,0,,0,,0,,0,,0,,0,,0,,0,,,,,
,,,,,,,,,,,,,,0,,0,,0,,0,,0,,0,,0,,0,,,,,
,,,,,,,,,,,,,,0,,0,,0,,0,,0,,0,,0,,0,,,,,
,,,,,,,,,,,,,,0,,0,,0,,0,,0,,0,,0,,0,,,,,
,,,,,,,,,,,,,,0,,0,,0,,0,,0,,0,,0,,0,,,,,
,,,,,,,,,,,,,,0,,0,,0,,0,,0,,0,,0,,0,,,,,
,,,,,,,,,,,,,,0,,0,,0,,0,,0,,0,,0,,0,,,,,
,,,,,,,,,,,,,,0,,0,,0,,0,,0,,0,,0,,0,,,,,
,,,,,,,,,,,,,,0,,0,,0,,0,,0,,0,,0,,0,,,,,
,,,,,,,,,,,,,,0,,0,,0,,0,,0,,0,,0,,0,,,,,
,,,,,,,,,,,,,,0,,0,,0,,0,,0,,0,,0,,0,,,,,
,,,,,,,,,,,,,,0,,0,,0,,0,,0,,0,,0,,0,,,,,
,,,,,,,,,,,,,,0,,0,,0,,0,,0,,0,,0,,0,,,,,
,,,,,,,,,,,,,,0,,0,,0,,0,,0,,0,,0,,0,,,,,
,,,,,,,,,,,,,,0,,0,,0,,0,,0,,0,,0,,0,,,,,
,,,,,,,,,,,,,,0,,0,,0,,0,,0,,0,,0,,0,,,,,
,,,,,,,,,,,,,,0,,0,,0,,0,,0,,0,,0,,0,,,,,
,,,,,,,,,,,,,,0,,0,,0,,0,,0,,0,,0,,0,,,,,
,,,,,,,,,,,,,,0,,0,,0,,0,,0,,0,,0,,0,,,,,
,,,,,,,,,,,,,,0,,0,,0,,0,,0,,0,,0,,0,,,,,
,,,,,,,,,,,,,,0,,0,,0,,0,,0,,0,,0,,0,,,,,
,,,,,,,,,,,,,,0,,0,,0,,0,,0,,0,,0,,0,,,,,
,,,,,,,,,,,,,,0,,0,,0,,0,,0,,0,,0,,0,,,,,
,,,,,,,,,,,,,,0,,0,,0,,0,,0,,0,,0,,0,,,,,
,,,,,,,,,,,,,,0,,0,,0,,0,,0,,0,,0,,0,,,,,
,,,,,,,,,,,,,,0,,0,,0,,0,,0,,0,,0,,0,,,,,
,,,,,,,,,,,,,,0,,0,,0,,0,,0,,0,,0,,0,,,,,
,,,,,,,,,,,,,,0,,0,,0,,0,,0,,0,,0,,0,,,,,
,,,,,,,,,,,,,,0,,0,,0,,0,,0,,0,,0,,0,,,,,
,,,,,,,,,,,,,,0,,0,,0,,0,,0,,0,,0,,0,,,,,
,,,,,,,,,,,,,,0,,0,,0,,0,,0,,0,,0,,0,,,,,
,,,,,,,,,,,,,,0,,0,,0,,0,,0,,0,,0,,0,,,,,
,,,,,,,,,,,,,,0,,0,,0,,0,,0,,0,,0,,0,,,,,
,,,,,,,,,,,,,,0,,0,,0,,0,,0,,0,,0,,0,,,,,
,,,,,,,,,,,,,,0,,0,,0,,0,,0,,0,,0,,0,,,,,
,,,,,,,,,,,,,,0,,0,,0,,0,,0,,0,,0,,0,,,,,
,,,,,,,,,,,,,,0,,0,,0,,0,,0,,0,,0,,0,,,,,
,,,,,,,,,,,,,,0,,0,,0,,0,,0,,0,,0,,0,,,,,
,,,,,,,,,,,,,,0,,0,,0,,0,,0,,0,,0,,0,,,,,
,,,,,,,,,,,,,,0,,0,,0,,0,,0,,0,,0,,0,,,,,
,,,,,,,,,,,,,,0,,0,,0,,0,,0,,0,,0,,0,,,,,
,,,,,,,,,,,,,,0,,0,,0,,0,,0,,0,,0,,0,,,,,
,,,,,,,,,,,,,,0,,0,,0,,0,,0,,0,,0,,0,,,,,
,,,,,,,,,,,,,,0,,0,,0,,0,,0,,0,,0,,0,,,,,
,,,,,,,,,,,,,,0,,0,,0,,0,,0,,0,,0,,0,,,,,
,,,,,,,,,,,,,,0,,0,,0,,0,,0,,0,,0,,0,,,,,
,,,,,,,,,,,,,,0,,0,,0,,0,,0,,0,,0,,0,,,,,
,,,,,,,,,,,,,,0,,0,,0,,0,,0,,0,,0,,0,,,,,
,,,,,,,,,,,,,,0,,0,,0,,0,,0,,0,,0,,0,,,,,
,,,,,,,,,,,,,,0,,0,,0,,0,,0,,0,,0,,0,,,,,
,,,,,,,,,,,,,,0,,0,,0,,0,,0,,0,,0,,0,,,,,
,,,,,,,,,,,,,,0,,0,,0,,0,,0,,0,,0,,0,,,,,
,,,,,,,,,,,,,,0,,0,,0,,0,,0,,0,,0,,0,,,,,
,,,,,,,,,,,,,,0,,0,,0,,0,,0,,0,,0,,0,,,,,
,,,,,,,,,,,,,,0,,0,,0,,0,,0,,0,,0,,0,,,,,
,,,,,,,,,,,,,,0,,0,,0,,0,,0,,0,,0,,0,,,,,
,,,,,,,,,,,,,,0,,0,,0,,0,,0,,0,,0,,0,,,,,
,,,,,,,,,,,,,,0,,0,,0,,0,,0,,0,,0,,0,,,,,
,,,,,,,,,,,,,,0,,0,,0,,0,,0,,0,,0,,0,,,,,
,,,,,,,,,,,,,,0,,0,,0,,0,,0,,0,,0,,0,,,,,
,,,,,,,,,,,,,,0,,0,,0,,0,,0,,0,,0,,0,,,,,
,,,,,,,,,,,,,,0,,0,,0,,0,,0,,0,,0,,0,,,,,
,,,,,,,,,,,,,,0,,0,,0,,0,,0,,0,,0,,0,,,,,
,,,,,,,,,,,,,,0,,0,,0,,0,,0,,0,,0,,0,,,,,
,,,,,,,,,,,,,,0,,0,,0,,0,,0,,0,,0,,0,,,,,
,,,,,,,,,,,,,,0,,0,,0,,0,,0,,0,,0,,0,,,,,
,,,,,,,,,,,,,,0,,0,,0,,0,,0,,0,,0,,0,,,,,
,,,,,,,,,,,,,,0,,0,,0,,0,,0,,0,,0,,0,,,,,
,,,,,,,,,,,,,,0,,0,,0,,0,,0,,0,,0,,0,,,,,
,,,,,,,,,,,,,,0,,0,,0,,0,,0,,0,,0,,0,,,,,
,,,,,,,,,,,,,,0,,0,,0,,0,,0,,0,,0,,0,,,,,
,,,,,,,,,,,,,,0,,0,,0,,0,,0,,0,,0,,0,,,,,
,,,,,,,,,,,,,,0,,0,,0,,0,,0,,0,,0,,0,,,,,
,,,,,,,,,,,,,,0,,0,,0,,0,,0,,0,,0,,0,,,,,
,,,,,,,,,,,,,,0,,0,,0,,0,,0,,0,,0,,0,,,,,
,,,,,,,,,,,,,,0,,0,,0,,0,,0,,0,,0,,0,,,,,
,,,,,,,,,,,,,,0,,0,,0,,0,,0,,0,,0,,0,,,,,
,,,,,,,,,,,,,,0,,0,,0,,0,,0,,0,,0,,0,,,,,
,,,,,,,,,,,,,,0,,0,,0,,0,,0,,0,,0,,0,,,,,
,,,,,,,,,,,,,,0,,0,,0,,0,,0,,0,,0,,0,,,,,
,,,,,,,,,,,,,,0,,0,,0,,0,,0,,0,,0,,0,,,,,
,,,,,,,,,,,,,,0,,0,,0,,0,,0,,0,,0,,0,,,,,
,,,,,,,,,,,,,,0,,0,,0,,0,,0,,0,,0,,0,,,,,
,,,,,,,,,,,,,,0,,0,,0,,0,,0,,0,,0,,0,,,,,
,,,,,,,,,,,,,,0,,0,,0,,0,,0,,0,,0,,0,,,,,
,,,,,,,,,,,,,,0,,0,,0,,0,,0,,0,,0,,0,,,,,
,,,,,,,,,,,,,,0,,0,,0,,0,,0,,0,,0,,0,,,,,
,,,,,,,,,,,,,,0,,0,,0,,0,,0,,0,,0,,0,,,,,
,,,,,,,,,,,,,,0,,0,,0,,0,,0,,0,,0,,0,,,,,
,,,,,,,,,,,,,,0,,0,,0,,0,,0,,0,,0,,0,,,,,
,,,,,,,,,,,,,,0,,0,,0,,0,,0,,0,,0,,0,,,,,
,,,,,,,,,,,,,,0,,0,,0,,0,,0,,0,,0,,0,,,,,
,,,,,,,,,,,,,,0,,0,,0,,0,,0,,0,,0,,0,,,,,
,,,,,,,,,,,,,,0,,0,,0,,0,,0,,0,,0,,0,,,,,
,,,,,,,,,,,,,,0,,0,,0,,0,,0,,0,,0,,0,,,,,
,,,,,,,,,,,,,,0,,0,,0,,0,,0,,0,,0,,0,,,,,
,,,,,,,,,,,,,,0,,0,,0,,0,,0,,0,,0,,0,,,,,
,,,,,,,,,,,,,,0,,0,,0,,0,,0,,0,,0,,0,,,,,
,,,,,,,,,,,,,,0,,0,,0,,0,,0,,0,,0,,0,,,,,
,,,,,,,,,,,,,,0,,0,,0,,0,,0,,0,,0,,0,,,,,
,,,,,,,,,,,,,,0,,0,,0,,0,,0,,0,,0,,0,,,,,
,,,,,,,,,,,,,,0,,0,,0,,0,,0,,0,,0,,0,,,,,
,,,,,,,,,,,,,,0,,0,,0,,0,,0,,0,,0,,0,,,,,
,,,,,,,,,,,,,,0,,0,,0,,0,,0,,0,,0,,0,,,,,
,,,,,,,,,,,,,,0,,0,,0,,0,,0,,0,,0,,0,,,,,
,,,,,,,,,,,,,,0,,0,,0,,0,,0,,0,,0,,0,,,,,
,,,,,,,,,,,,,,0,,0,,0,,0,,0,,0,,0,,0,,,,,
,,,,,,,,,,,,,,0,,0,,0,,0,,0,,0,,0,,0,,,,,
,,,,,,,,,,,,,,0,,0,,0,,0,,0,,0,,0,,0,,,,,
,,,,,,,,,,,,,,0,,0,,0,,0,,0,,0,,0,,0,,,,,
,,,,,,,,,,,,,,0,,0,,0,,0,,0,,0,,0,,0,,,,,
,,,,,,,,,,,,,,0,,0,,0,,0,,0,,0,,0,,0,,,,,
,,,,,,,,,,,,,,0,,0,,0,,0,,0,,0,,0,,0,,,,,
,,,,,,,,,,,,,,0,,0,,0,,0,,0,,0,,0,,0,,,,,
,,,,,,,,,,,,,,0,,0,,0,,0,,0,,0,,0,,0,,,,,
,,,,,,,,,,,,,,0,,0,,0,,0,,0,,0,,0,,0,,,,,
,,,,,,,,,,,,,,0,,0,,0,,0,,0,,0,,0,,0,,,,,
,,,,,,,,,,,,,,0,,0,,0,,0,,0,,0,,0,,0,,,,,
,,,,,,,,,,,,,,0,,0,,0,,0,,0,,0,,0,,0,,,,,
,,,,,,,,,,,,,,0,,0,,0,,0,,0,,0,,0,,0,,,,,
,,,,,,,,,,,,,,0,,0,,0,,0,,0,,0,,0,,0,,,,,
,,,,,,,,,,,,,,0,,0,,0,,0,,0,,0,,0,,0,,,,,
,,,,,,,,,,,,,,0,,0,,0,,0,,0,,0,,0,,0,,,,,
,,,,,,,,,,,,,,0,,0,,0,,0,,0,,0,,0,,0,,,,,
,,,,,,,,,,,,,,0,,0,,0,,0,,0,,0,,0,,0,,,,,
,,,,,,,,,,,,,,0,,0,,0,,0,,0,,0,,0,,0,,,,,
,,,,,,,,,,,,,,0,,0,,0,,0,,0,,0,,0,,0,,,,,
,,,,,,,,,,,,,,0,,0,,0,,0,,0,,0,,0,,0,,,,,
,,,,,,,,,,,,,,0,,0,,0,,0,,0,,0,,0,,0,,,,,
,,,,,,,,,,,,,,0,,0,,0,,0,,0,,0,,0,,0,,,,,
,,,,,,,,,,,,,,0,,0,,0,,0,,0,,0,,0,,0,,,,,
,,,,,,,,,,,,,,0,,0,,0,,0,,0,,0,,0,,0,,,,,
,,,,,,,,,,,,,,0,,0,,0,,0,,0,,0,,0,,0,,,,,
,,,,,,,,,,,,,,0,,0,,0,,0,,0,,0,,0,,0,,,,,
,,,,,,,,,,,,,,0,,0,,0,,0,,0,,0,,0,,0,,,,,
,,,,,,,,,,,,,,0,,0,,0,,0,,0,,0,,0,,0,,,,,
,,,,,,,,,,,,,,0,,0,,0,,0,,0,,0,,0,,0,,,,,
,,,,,,,,,,,,,,0,,0,,0,,0,,0,,0,,0,,0,,,,,
,,,,,,,,,,,,,,0,,0,,0,,0,,0,,0,,0,,0,,,,,
,,,,,,,,,,,,,,0,,0,,0,,0,,0,,0,,0,,0,,,,,
,,,,,,,,,,,,,,0,,0,,0,,0,,0,,0,,0,,0,,,,,
,,,,,,,,,,,,,,0,,0,,0,,0,,0,,0,,0,,0,,,,,
,,,,,,,,,,,,,,0,,0,,0,,0,,0,,0,,0,,0,,,,,
,,,,,,,,,,,,,,0,,0,,0,,0,,0,,0,,0,,0,,,,,
,,,,,,,,,,,,,,0,,0,,0,,0,,0,,0,,0,,0,,,,,
,,,,,,,,,,,,,,0,,0,,0,,0,,0,,0,,0,,0,,,,,
,,,,,,,,,,,,,,0,,0,,0,,0,,0,,0,,0,,0,,,,,
,,,,,,,,,,,,,,0,,0,,0,,0,,0,,0,,0,,0,,,,,
,,,,,,,,,,,,,,0,,0,,0,,0,,0,,0,,0,,0,,,,,
,,,,,,,,,,,,,,0,,0,,0,,0,,0,,0,,0,,0,,,,,
,,,,,,,,,,,,,,0,,0,,0,,0,,0,,0,,0,,0,,,,,
,,,,,,,,,,,,,,0,,0,,0,,0,,0,,0,,0,,0,,,,,
,,,,,,,,,,,,,,0,,0,,0,,0,,0,,0,,0,,0,,,,,
,,,,,,,,,,,,,,0,,0,,0,,0,,0,,0,,0,,0,,,,,
,,,,,,,,,,,,,,0,,0,,0,,0,,0,,0,,0,,0,,,,,
,,,,,,,,,,,,,,0,,0,,0,,0,,0,,0,,0,,0,,,,,
,,,,,,,,,,,,,,0,,0,,0,,0,,0,,0,,0,,0,,,,,
,,,,,,,,,,,,,,0,,0,,0,,0,,0,,0,,0,,0,,,,,
,,,,,,,,,,,,,,0,,0,,0,,0,,0,,0,,0,,0,,,,,
,,,,,,,,,,,,,,0,,0,,0,,0,,0,,0,,0,,0,,,,,
,,,,,,,,,,,,,,0,,0,,0,,0,,0,,0,,0,,0,,,,,
,,,,,,,,,,,,,,0,,0,,0,,0,,0,,0,,0,,0,,,,,
,,,,,,,,,,,,,,0,,0,,0,,0,,0,,0,,0,,0,,,,,
,,,,,,,,,,,,,,0,,0,,0,,0,,0,,0,,0,,0,,,,,
,,,,,,,,,,,,,,0,,0,,0,,0,,0,,0,,0,,0,,,,,
,,,,,,,,,,,,,,0,,0,,0,,0,,0,,0,,0,,0,,,,,
,,,,,,,,,,,,,,0,,0,,0,,0,,0,,0,,0,,0,,,,,
,,,,,,,,,,,,,,0,,0,,0,,0,,0,,0,,0,,0,,,,,
,,,,,,,,,,,,,,0,,0,,0,,0,,0,,0,,0,,0,,,,,
,,,,,,,,,,,,,,0,,0,,0,,0,,0,,0,,0,,0,,,,,
,,,,,,,,,,,,,,0,,0,,0,,0,,0,,0,,0,,0,,,,,
,,,,,,,,,,,,,,0,,0,,0,,0,,0,,0,,0,,0,,,,,
,,,,,,,,,,,,,,0,,0,,0,,0,,0,,0,,0,,0,,,,,
,,,,,,,,,,,,,,0,,0,,0,,0,,0,,0,,0,,0,,,,,
,,,,,,,,,,,,,,0,,0,,0,,0,,0,,0,,0,,0,,,,,
,,,,,,,,,,,,,,0,,0,,0,,0,,0,,0,,0,,0,,,,,
,,,,,,,,,,,,,,0,,0,,0,,0,,0,,0,,0,,0,,,,,
,,,,,,,,,,,,,,0,,0,,0,,0,,0,,0,,0,,0,,,,,
,,,,,,,,,,,,,,0,,0,,0,,0,,0,,0,,0,,0,,,,,
,,,,,,,,,,,,,,0,,0,,0,,0,,0,,0,,0,,0,,,,,
,,,,,,,,,,,,,,0,,0,,0,,0,,0,,0,,0,,0,,,,,
,,,,,,,,,,,,,,0,,0,,0,,0,,0,,0,,0,,0,,,,,
,,,,,,,,,,,,,,0,,0,,0,,0,,0,,0,,0,,0,,,,,
,,,,,,,,,,,,,,0,,0,,0,,0,,0,,0,,0,,0,,,,,
,,,,,,,,,,,,,,0,,0,,0,,0,,0,,0,,0,,0,,,,,
,,,,,,,,,,,,,,0,,0,,0,,0,,0,,0,,0,,0,,,,,
,,,,,,,,,,,,,,0,,0,,0,,0,,0,,0,,0,,0,,,,,
,,,,,,,,,,,,,,0,,0,,0,,0,,0,,0,,0,,0,,,,,
,,,,,,,,,,,,,,0,,0,,0,,0,,0,,0,,0,,0,,,,,
,,,,,,,,,,,,,,0,,0,,0,,0,,0,,0,,0,,0,,,,,
,,,,,,,,,,,,,,0,,0,,0,,0,,0,,0,,0,,0,,,,,
,,,,,,,,,,,,,,0,,0,,0,,0,,0,,0,,0,,0,,,,,
,,,,,,,,,,,,,,0,,0,,0,,0,,0,,0,,0,,0,,,,,
,,,,,,,,,,,,,,0,,0,,0,,0,,0,,0,,0,,0,,,,,
,,,,,,,,,,,,,,0,,0,,0,,0,,0,,0,,0,,0,,,,,
,,,,,,,,,,,,,,0,,0,,0,,0,,0,,0,,0,,0,,,,,
,,,,,,,,,,,,,,0,,0,,0,,0,,0,,0,,0,,0,,,,,
,,,,,,,,,,,,,,0,,0,,0,,0,,0,,0,,0,,0,,,,,
,,,,,,,,,,,,,,0,,0,,0,,0,,0,,0,,0,,0,,,,,
,,,,,,,,,,,,,,0,,0,,0,,0,,0,,0,,0,,0,,,,,
,,,,,,,,,,,,,,0,,0,,0,,0,,0,,0,,0,,0,,,,,
,,,,,,,,,,,,,,0,,0,,0,,0,,0,,0,,0,,0,,,,,
,,,,,,,,,,,,,,0,,0,,0,,0,,0,,0,,0,,0,,,,,
,,,,,,,,,,,,,,0,,0,,0,,0,,0,,0,,0,,0,,,,,
,,,,,,,,,,,,,,0,,0,,0,,0,,0,,0,,0,,0,,,,,
,,,,,,,,,,,,,,0,,0,,0,,0,,0,,0,,0,,0,,,,,
,,,,,,,,,,,,,,0,,0,,0,,0,,0,,0,,0,,0,,,,,
,,,,,,,,,,,,,,0,,0,,0,,0,,0,,0,,0,,0,,,,,
,,,,,,,,,,,,,,0,,0,,0,,0,,0,,0,,0,,0,,,,,
,,,,,,,,,,,,,,0,,0,,0,,0,,0,,0,,0,,0,,,,,
,,,,,,,,,,,,,,0,,0,,0,,0,,0,,0,,0,,0,,,,,
,,,,,,,,,,,,,,0,,0,,0,,0,,0,,0,,0,,0,,,,,
,,,,,,,,,,,,,,0,,0,,0,,0,,0,,0,,0,,0,,,,,
,,,,,,,,,,,,,,0,,0,,0,,0,,0,,0,,0,,0,,,,,
,,,,,,,,,,,,,,0,,0,,0,,0,,0,,0,,0,,0,,,,,
,,,,,,,,,,,,,,0,,0,,0,,0,,0,,0,,0,,0,,,,,
,,,,,,,,,,,,,,0,,0,,0,,0,,0,,0,,0,,0,,,,,
,,,,,,,,,,,,,,0,,0,,0,,0,,0,,0,,0,,0,,,,,
,,,,,,,,,,,,,,0,,0,,0,,0,,0,,0,,0,,0,,,,,
,,,,,,,,,,,,,,0,,0,,0,,0,,0,,0,,0,,0,,,,,
,,,,,,,,,,,,,,0,,0,,0,,0,,0,,0,,0,,0,,,,,
,,,,,,,,,,,,,,0,,0,,0,,0,,0,,0,,0,,0,,,,,
,,,,,,,,,,,,,,0,,0,,0,,0,,0,,0,,0,,0,,,,,
,,,,,,,,,,,,,,0,,0,,0,,0,,0,,0,,0,,0,,,,,
,,,,,,,,,,,,,,0,,0,,0,,0,,0,,0,,0,,0,,,,,
,,,,,,,,,,,,,,0,,0,,0,,0,,0,,0,,0,,0,,,,,
,,,,,,,,,,,,,,0,,0,,0,,0,,0,,0,,0,,0,,,,,
,,,,,,,,,,,,,,0,,0,,0,,0,,0,,0,,0,,0,,,,,
,,,,,,,,,,,,,,0,,0,,0,,0,,0,,0,,0,,0,,,,,
,,,,,,,,,,,,,,0,,0,,0,,0,,0,,0,,0,,0,,,,,
,,,,,,,,,,,,,,0,,0,,0,,0,,0,,0,,0,,0,,,,,
,,,,,,,,,,,,,,0,,0,,0,,0,,0,,0,,0,,0,,,,,
,,,,,,,,,,,,,,0,,0,,0,,0,,0,,0,,0,,0,,,,,
,,,,,,,,,,,,,,0,,0,,0,,0,,0,,0,,0,,0,,,,,
,,,,,,,,,,,,,,0,,0,,0,,0,,0,,0,,0,,0,,,,,
,,,,,,,,,,,,,,0,,0,,0,,0,,0,,0,,0,,0,,,,,
,,,,,,,,,,,,,,0,,0,,0,,0,,0,,0,,0,,0,,,,,
,,,,,,,,,,,,,,0,,0,,0,,0,,0,,0,,0,,0,,,,,
