Premises address ,"No.846 8/3, E.W. Perera Mawatha, Kotte Road, Ethul Kotte",,,,,,,,,
Property Investment Advisor Name,Stephen Van Rooyen,,,,,,,,,
CTP Lawyer Name,Taneesha Weerasinghe ,,,,,,,,,
Landlord's Lawyer Name,,,,,,,,,,
Lease/Rent Agreement ,Rental Agreement ,,,,,,,,,
Landlord's Name & ID or Company No.,Wijemuni Christy De Zoysa Wijeratne (NIC No. 661291702 V).,,,,,,,,,
Landlord's Address,"Sahanya, Devagoda, Madampe, Ambalangoda ",,,,,,,,,
Tenant's Name & ID No.  Or Company No.,Capital Trust Residencies Nine Private Limited  (PV 109828),,,,,,,,,
Tenant's Adress,"No.42, Sir Mohammed Macan Marakar Mawatha, Colombo 03 ",,,,,,,,,
Apartment name,Capital Trust Residencies - Fortress,,,,,,,,,
Unit No.,Unit No. 8/3 ,,,,,,,,,
Monthly Rental (LKR),350000,,,,,,,,,
Advance payment,3 months ,,,,,,,,,
Refundable deposit amount (LKR),"Rs. 1,050,000.00.",,,,,,,,,
No. of bedrooms,3 bedrooms ,,,,,,,,,
Term,1 Year (2026.02.28- 2027.02.27),,,,,,,,,
No. of people can accommodate ,Not more than 5 persons ,,,,,,,,,
Minor repairs,"The Tenant is responsible for repairs below Rs. 25,000.",,,,,,,,,
Panelty for delay handover (LKR),"Rs. 25,000/- per day ",,,,,,,,,
Maintenance & cleanliness clause,"The Tenant is to keep the demised premises in a clean and sanitary state order and tenantable condition in strict conformity with the laws and by – laws of the relevant local authority and to keep the Landlord freed and indemnified from all prosecutions and fines which may be instituted or imposed in consequence of a breach or non-performance of any law or by – law or regulation imposed by the local authority and or other government entity, however, reasonable wear and tear excepted. ",,,,,,,,,
Mangement fees paid by ,The Landlord,,,,,,,,,
Service charges paid by ,The Landlord,,,,,,,,,
A/C service period ,The Landlord throughout the tenancy period.,,,,,,,,,
Sub letting ,"Permitted to assign or sub-let to group companies, affiliates, or employees",,,,,,,,,
Refundable deposit to be credited to ,The Tenant ,,,,,,,,,
Prior notice of termination,One (01) month notice ,,,,,,,,,
Locking period,Not mentioned ,,,,,,,,,
Panelty for early termination ,Full security deposit is forfeited.,,,,,,,,,
Notice of renewal,By mutual agreement upon one (01) months' prior written notice,,,,,,,,,
Legal fees - 1%  (LKR),21000,,,,,,,,,
Stamp duty - 2% (LKR),N/A,,,,,,,,,
,,,,,,,,,,
,,,,,,,,,,
Master Agreement Payments,,,,,,,,,,
Period, Monthly Rent  ,, Three Months Rent  ,Payment method,Total Rent,Refundable Deposit,,,Legal Fees,LKR Selling Rate 
,LKR,,LKR,,LKR,,,LKR,LKR,
28.02.2026 - 27.05.2026,350000,,1050000,Every three months,4200000, 3 Months ,,1050000,21000,
28.05.2026 -27.08.2026,350000,,1050000,Every three months,,,,,,
28.08.2026-  27.11.2026,350000,,1050000,Every three months,,,,,,
28.11.2026 - 27.02.2027,350000,,1050000,Every three months,,,,,,
,,,,,,,,,,
Sub Tenancy Agreement payments,,,,,,,,,,
Period, Monthly Rent  ,, Three Months Rent  ,Payment method,Total Rent,Refundable Deposit,,,Legal Fees,LKR Selling Rate 
,USD ,USD,LKR,,USD,,USD,LKR,,
28.02.2026 - 27.05.2026,1300,3900,1220895,Every three months,15600, 3 Months ,3900,1220895,24417.9,313.05
28.05.2026 -27.08.2026,1300,3900,1220895,Every three months,,,,,,
28.08.2026-  27.11.2026,1300,3900,1220895,Every three months,,,,,,
28.11.2026 - 27.02.2027,1300,3900,1220895,Every three months,,,,,,
,,15600,4883580,,,,,,,
,,,,,,,,,,
