Premises address,"294, Dr. Colvin R De Silva Mawatha, Colombo 02 — TRI-ZEN"
Property Investment Advisor Name,Demo Advisor
CTP Lawyer Name,Demo Lawyer
Landlord's Lawyer Name,"Demo Landlord Lawyer, Attorney-at-Law"
Lease/Rent Agreement,Rental Agreement
Lessor's Name & ID or Company No.,Capital Trust Residencies Nine (Private) Limited (Registration No. PV 109828)
Lessor's Address,"No. 42, Sir Mohammed Macan Markar Mawatha, Colombo 03"
Lessee's Name & ID No.  or Company No.,Demo Resident Tenant (Holder of Passport No. DEMO-9988)
Lessee's Adress,"No. 100, Vauxhall Street, Colombo 02"
Apartment name,TRI-ZEN
Unit No.,X/1/L10/U1
Monthly Rental,USD 2,000/month
Advance payment,3 months
Refundable deposit amount LKR/USD,"USD 6,000"
No. of bedrooms,3 bedrooms
Term,1 year (01.07.2026 - 30.06.2027)
No. of people can accommodate,4 persons
Minor repairs,USD 100 per Apartment Unit
Panelty for delay handover,USD 100 per day per Apartment Unit
Maintenance & cleanliness clause,USD 75 per Apartment Unit for cleaning at end of Term
Mangement fees paid by,Lessor
Service charges paid by,Lessor
A/C service period,Every 3 months by Lessee
Sub letting,Not permitted
Refundable deposit to be credited to,Lessee
Prior notice of termination,3 months prior written notice
Locking period,N/A
Panelty for early termination,Not specified
Notice of renewal,1 month before expiry
Legal fees - 1%,Each party bears its own legal expenses
Stamp duty - 2%,Rs. 35
,,,,,,
Period, Monthly Rent  ,, Rent for Period ,,Payment Method
, USD ,, USD ,,
01.07.2026 - 30.09.2026,2000,,6000,,On execution
01.10.2026 - 31.12.2026,2000,,6000,,On or before 1 Oct 2026
01.01.2027 - 31.03.2027,2000,,6000,,On or before 1 Jan 2027
01.04.2027 - 30.06.2027,2000,,6000,,On or before 1 Apr 2027
