Premises address,"No. 200, Galle Road, Colombo 04 — Demo Tower"
Property Investment Advisor Name,Demo Advisor
CTP Lawyer Name,Demo Lawyer
Landlord's Lawyer Name,"Demo Landlord Lawyer, Attorney-at-Law"
Lease/Rent Agreement,Lease Agreement
Lessor's Name & ID or Company No.,Demo Holdings (Private) Limited (PV 99001)
Lessor's Address,"No. 88, Park Road, Colombo 05"
Lessee's Name & ID No.  or Company No.,Capital Trust Holdings Limited (PV 75497)
Lessee's Adress,"42, Sir Mohammed Macan Markar Mawatha, Colombo 03"
Apartment name,Demo Tower
Unit No.,First and Second Floors (approx. 6000 sq ft)
Monthly Rental,"Rs. 2,500,000/month"
Advance payment,2 months
Refundable deposit amount LKR/USD,"Rs. 5,000,000"
No. of bedrooms,N/A - commercial office premises
Term,3 years (01.06.2026 - 31.05.2029)
No. of people can accommodate,Not specified
Minor repairs,"Lessee to carry out minor repairs up to Rs. 50,000 per job"
Panelty for delay handover,"Rs. 20,000 per day"
Maintenance & cleanliness clause,"Lessee to keep premises clean and in good order and condition; interior repainted every two years."
Mangement fees paid by,Lessor
Service charges paid by,Lessee
A/C service period,Lessee
Sub letting,No subletting without prior written consent of the Lessor
Refundable deposit to be credited to,Lessee
Prior notice of termination,3 months prior written notice
Locking period,First 1 year of the lease term
Panelty for early termination,3 months rent as liquidated damages
Notice of renewal,6 months before expiry
Legal fees - 1%,250000
Stamp duty - 2%,2000000
,,,,,,,,,
Period, Monthly Rent  ,, Rent for Period ,,Payment Method,Total Rent,,Refundable Deposit,
, LKR ,, LKR ,,, LKR ,,, LKR
01.06.2026 - 31.05.2029,2500000,,30000000,,Bank draft on 1st of each month,90000000,,3 Months,5000000
